x,mempool_tx_count,date
1466001900000,17325.729166666668,2016-06-15 14:45:00
1466185500000,10574.645833333334,2016-06-17 17:45:00
1466369100000,2768.9010416666665,2016-06-19 20:45:00
1466552700000,4250.802083333333,2016-06-21 23:45:00
1466736300000,5839.572916666667,2016-06-24 02:45:00
1466919900000,2833.7239583333335,2016-06-26 05:45:00
1467103500000,3275.625,2016-06-28 08:45:00
1467287100000,3663.2135416666665,2016-06-30 11:45:00
1467470700000,2963.8229166666665,2016-07-02 14:45:00
1467654300000,2822.6979166666665,2016-07-04 17:45:00
1467837900000,3400.4739583333335,2016-07-06 20:45:00
1468021500000,3865.6145833333335,2016-07-08 23:45:00
1468205100000,2721.9166666666665,2016-07-11 02:45:00
1468388700000,4029.3958333333335,2016-07-13 05:45:00
1468572300000,4811.177083333333,2016-07-15 08:45:00
1468755900000,3063.1354166666665,2016-07-17 11:45:00
1468939500000,5066.328125,2016-07-19 14:45:00
1469123100000,5064.786458333333,2016-07-21 17:45:00
1469306700000,3996.828125,2016-07-23 20:45:00
1469490300000,4597.104166666667,2016-07-25 23:45:00
1469673900000,6579.333333333333,2016-07-28 02:45:00
1469857500000,5224.354166666667,2016-07-30 05:45:00
1470041100000,3701.0104166666665,2016-08-01 08:45:00
1470224700000,4430.885416666667,2016-08-03 11:45:00
1470408300000,3808.8802083333335,2016-08-05 14:45:00
1470591900000,2871.34375,2016-08-07 17:45:00
1470775500000,6726.3125,2016-08-09 20:45:00
1470959100000,4898.057291666667,2016-08-11 23:45:00
1471142700000,2900.1458333333335,2016-08-14 02:45:00
1471326300000,8146.135416666667,2016-08-16 05:45:00
1471509900000,5143.192708333333,2016-08-18 08:45:00
1471693500000,4913.083333333333,2016-08-20 11:45:00
1471877100000,3785.609375,2016-08-22 14:45:00
1472060700000,4088.9895833333335,2016-08-24 17:45:00
1472244300000,4825.817708333333,2016-08-26 20:45:00
1472427900000,3357.8645833333335,2016-08-28 23:45:00
1472611500000,4955.546875,2016-08-31 02:45:00
1472795100000,3832.6041666666665,2016-09-02 05:45:00
1472978700000,3851.0,2016-09-04 08:45:00
1473162300000,4863.067708333333,2016-09-06 11:45:00
1473345900000,3532.7864583333335,2016-09-08 14:45:00
1473529500000,3679.5104166666665,2016-09-10 17:45:00
1473713100000,3126.0520833333335,2016-09-12 20:45:00
1473896700000,3813.8489583333335,2016-09-14 23:45:00
1474080300000,6616.859375,2016-09-17 02:45:00
1474263900000,3790.75,2016-09-19 05:45:00
1474447500000,4249.885416666667,2016-09-21 08:45:00
1474631100000,4246.588541666667,2016-09-23 11:45:00
1474814700000,2454.9895833333335,2016-09-25 14:45:00
1474998300000,4003.8125,2016-09-27 17:45:00
1475181900000,4809.609375,2016-09-29 20:45:00
1475365500000,3212.4114583333335,2016-10-01 23:45:00
1475549100000,5062.25,2016-10-04 02:45:00
1475732700000,5936.223958333333,2016-10-06 05:45:00
1475916300000,4433.239583333333,2016-10-08 08:45:00
1476099900000,3319.3125,2016-10-10 11:45:00
1476283500000,8136.432291666667,2016-10-12 14:45:00
1476467100000,5421.359375,2016-10-14 17:45:00
1476650700000,3796.5677083333335,2016-10-16 20:45:00
1476834300000,6408.09375,2016-10-18 23:45:00
1477017900000,12440.890625,2016-10-21 02:45:00
1477201500000,3882.1510416666665,2016-10-23 05:45:00
1477385100000,10930.921875,2016-10-25 08:45:00
1477568700000,44250.515625,2016-10-27 11:45:00
1477752300000,4080.3958333333335,2016-10-29 14:45:00
1477935900000,4444.578125,2016-10-31 17:45:00
1478119500000,6039.078125,2016-11-02 20:45:00
1478303100000,9180.979166666666,2016-11-04 23:45:00
1478486700000,3581.5260416666665,2016-11-07 02:45:00
1478670300000,5066.729166666667,2016-11-09 05:45:00
1478853900000,3639.3958333333335,2016-11-11 08:45:00
1479037500000,3755.8489583333335,2016-11-13 11:45:00
1479221100000,4479.802083333333,2016-11-15 14:45:00
1479404700000,5346.984375,2016-11-17 17:45:00
1479588300000,4200.182291666667,2016-11-19 20:45:00
1479771900000,13691.895833333334,2016-11-21 23:45:00
1479955500000,45629.9375,2016-11-24 02:45:00
1480139100000,19119.765625,2016-11-26 05:45:00
1480322700000,5480.015625,2016-11-28 08:45:00
1480506300000,6794.208333333333,2016-11-30 11:45:00
1480689900000,36181.0,2016-12-02 14:45:00
1480873500000,5851.328125,2016-12-04 17:45:00
1481057100000,24163.239583333332,2016-12-06 20:45:00
1481240700000,5317.239583333333,2016-12-08 23:45:00
1481424300000,7067.958333333333,2016-12-11 02:45:00
1481607900000,7803.239583333333,2016-12-13 05:45:00
1481791500000,8599.546875,2016-12-15 08:45:00
1481975100000,8386.125,2016-12-17 11:45:00
1482158700000,7714.567708333333,2016-12-19 14:45:00
1482342300000,10039.166666666666,2016-12-21 17:45:00
1482525900000,6523.322916666667,2016-12-23 20:45:00
1482709500000,3461.8645833333335,2016-12-25 23:45:00
1482893100000,5610.40625,2016-12-28 02:45:00
1483076700000,7412.880208333333,2016-12-30 05:45:00
1483260300000,4161.510416666667,2017-01-01 08:45:00
1483443900000,5814.078125,2017-01-03 11:45:00
1483627500000,10749.697916666666,2017-01-05 14:45:00
1483811100000,11927.817708333334,2017-01-07 17:45:00
1483994700000,9394.479166666666,2017-01-09 20:45:00
1484178300000,8252.729166666666,2017-01-11 23:45:00
1484361900000,6449.802083333333,2017-01-14 02:45:00
1484545500000,2659.5677083333335,2017-01-16 05:45:00
1484729100000,7442.802083333333,2017-01-18 08:45:00
1484912700000,4051.5572916666665,2017-01-20 11:45:00
1485096300000,2658.9427083333335,2017-01-22 14:45:00
1485279900000,49108.234375,2017-01-24 17:45:00
1485463500000,12504.494791666666,2017-01-26 20:45:00
1485647100000,8183.286458333333,2017-01-28 23:45:00
1485830700000,18096.630208333332,2017-01-31 02:45:00
1486014300000,12093.244791666666,2017-02-02 05:45:00
1486197900000,46524.796875,2017-02-04 08:45:00
1486381500000,9633.708333333334,2017-02-06 11:45:00
1486565100000,47103.614583333336,2017-02-08 14:45:00
1486748700000,17308.010416666668,2017-02-10 17:45:00
1486932300000,6601.609375,2017-02-12 20:45:00
1487115900000,9113.114583333334,2017-02-14 23:45:00
1487299500000,22443.026041666668,2017-02-17 02:45:00
1487483100000,11161.932291666666,2017-02-19 05:45:00
1487666700000,30499.041666666668,2017-02-21 08:45:00
1487850300000,91713.27083333333,2017-02-23 11:45:00
1488033900000,48509.166666666664,2017-02-25 14:45:00
1488217500000,9795.197916666666,2017-02-27 17:45:00
1488401100000,47865.963541666664,2017-03-01 20:45:00
1488584700000,76860.765625,2017-03-03 23:45:00
1488768300000,38969.1875,2017-03-06 02:45:00
1488951900000,57930.244791666664,2017-03-08 05:45:00
1489135500000,37517.067708333336,2017-03-10 08:45:00
1489319100000,15998.609375,2017-03-12 11:45:00
1489502700000,27409.760416666668,2017-03-14 14:45:00
1489686300000,22067.375,2017-03-16 17:45:00
1489869900000,14720.536458333334,2017-03-18 20:45:00
1490053500000,9710.494791666666,2017-03-20 23:45:00
1490237100000,7980.880208333333,2017-03-23 02:45:00
1490420700000,3605.1145833333335,2017-03-25 05:45:00
1490604300000,2772.875,2017-03-27 08:45:00
1490787900000,14484.927083333334,2017-03-29 11:45:00
1490971500000,8730.052083333334,2017-03-31 14:45:00
1491155100000,4256.989583333333,2017-04-02 17:45:00
1491338700000,17488.322916666668,2017-04-04 20:45:00
1491522300000,12969.03125,2017-04-06 23:45:00
1491705900000,6223.833333333333,2017-04-09 02:45:00
1491889500000,10914.140625,2017-04-11 05:45:00
1492073100000,20236.875,2017-04-13 08:45:00
1492256700000,34159.09375,2017-04-15 11:45:00
1492440300000,3296.4583333333335,2017-04-17 14:45:00
1492623900000,20017.854166666668,2017-04-19 17:45:00
1492807500000,21694.401041666668,2017-04-21 20:45:00
1492991100000,5926.244791666667,2017-04-23 23:45:00
1493174700000,49969.307291666664,2017-04-26 02:45:00
1493358300000,44162.666666666664,2017-04-28 05:45:00
1493541900000,16676.479166666668,2017-04-30 08:45:00
1493725500000,20338.098958333332,2017-05-02 11:45:00
1493909100000,59243.572916666664,2017-05-04 14:45:00
1494092700000,100503.30208333333,2017-05-06 17:45:00
1494276300000,36399.125,2017-05-08 20:45:00
1494459900000,99648.64583333333,2017-05-10 23:45:00
1494643500000,152684.3125,2017-05-13 02:45:00
1494827100000,86615.3125,2017-05-15 05:45:00
1495010700000,149578.90104166666,2017-05-17 08:45:00
1495194300000,169504.94791666666,2017-05-19 11:45:00
1495377900000,150510.390625,2017-05-21 14:45:00
1495561500000,142019.04166666666,2017-05-23 17:45:00
1495745100000,148150.99479166666,2017-05-25 20:45:00
1495928700000,140686.1875,2017-05-27 23:45:00
1496112300000,79768.78125,2017-05-30 02:45:00
1496295900000,80768.57291666667,2017-06-01 05:45:00
1496479500000,82095.55208333333,2017-06-03 08:45:00
1496663100000,45591.807291666664,2017-06-05 11:45:00
1496846700000,65417.4375,2017-06-07 14:45:00
1497030300000,36174.859375,2017-06-09 17:45:00
1497213900000,26607.484375,2017-06-11 20:45:00
1497397500000,50039.234375,2017-06-13 23:45:00
1497581100000,39699.625,2017-06-16 02:45:00
1497764700000,20159.703125,2017-06-18 05:45:00
1497948300000,11554.255208333334,2017-06-20 08:45:00
1498131900000,23831.114583333332,2017-06-22 11:45:00
1498315500000,8834.119791666666,2017-06-24 14:45:00
1498499100000,11426.067708333334,2017-06-26 17:45:00
1498682700000,12862.630208333334,2017-06-28 20:45:00
1498866300000,16419.8125,2017-06-30 23:45:00
1499049900000,2837.953125,2017-07-03 02:45:00
1499233500000,5391.744791666667,2017-07-05 05:45:00
1499417100000,8980.588541666666,2017-07-07 08:45:00
1499600700000,2452.0260416666665,2017-07-09 11:45:00
1499784300000,6774.583333333333,2017-07-11 14:45:00
1499967900000,9589.994791666666,2017-07-13 17:45:00
1500151500000,13197.677083333334,2017-07-15 20:45:00
1500335100000,9817.109375,2017-07-17 23:45:00
1500518700000,9991.036458333334,2017-07-20 02:45:00
1500702300000,14028.291666666666,2017-07-22 05:45:00
1500885900000,3884.03125,2017-07-24 08:45:00
1501069500000,8701.546875,2017-07-26 11:45:00
1501253100000,3870.9739583333335,2017-07-28 14:45:00
1501436700000,2370.6458333333335,2017-07-30 17:45:00
1501620300000,2368.546875,2017-08-01 20:45:00
1501803900000,6566.838541666667,2017-08-03 23:45:00
1501987500000,2743.6041666666665,2017-08-06 02:45:00
1502171100000,10410.458333333334,2017-08-08 05:45:00
1502354700000,19667.09375,2017-08-10 08:45:00
1502538300000,22591.276041666668,2017-08-12 11:45:00
1502721900000,14872.229166666666,2017-08-14 14:45:00
1502905500000,46255.932291666664,2017-08-16 17:45:00
1503089100000,26851.463541666668,2017-08-18 20:45:00
1503272700000,13335.666666666666,2017-08-20 23:45:00
1503456300000,71679.53125,2017-08-23 02:45:00
1503639900000,58429.166666666664,2017-08-25 05:45:00
1503823500000,63837.015625,2017-08-27 08:45:00
1504007100000,22867.40625,2017-08-29 11:45:00
1504190700000,10075.494791666666,2017-08-31 14:45:00
1504374300000,6135.942708333333,2017-09-02 17:45:00
1504557900000,4685.380208333333,2017-09-04 20:45:00
1504741500000,5569.265625,2017-09-06 23:45:00
1504925100000,4729.65625,2017-09-09 02:45:00
1505108700000,5419.411458333333,2017-09-11 05:45:00
1505292300000,3270.4947916666665,2017-09-13 08:45:00
1505475900000,12307.609375,2017-09-15 11:45:00
1505659500000,2583.8697916666665,2017-09-17 14:45:00
1505843100000,17342.1875,2017-09-19 17:45:00
1506026700000,3739.4947916666665,2017-09-21 20:45:00
1506210300000,3029.4427083333335,2017-09-23 23:45:00
1506393900000,12372.447916666666,2017-09-26 02:45:00
1506577500000,8072.286458333333,2017-09-28 05:45:00
1506761100000,2657.953125,2017-09-30 08:45:00
1506944700000,13871.583333333334,2017-10-02 11:45:00
1507128300000,6558.177083333333,2017-10-04 14:45:00
1507311900000,12718.59375,2017-10-06 17:45:00
1507495500000,4720.380208333333,2017-10-08 20:45:00
1507679100000,11942.416666666666,2017-10-10 23:45:00
1507862700000,19494.510416666668,2017-10-13 02:45:00
1508046300000,21272.161458333332,2017-10-15 05:45:00
1508229900000,9206.453125,2017-10-17 08:45:00
1508413500000,22188.020833333332,2017-10-19 11:45:00
1508597100000,24731.786458333332,2017-10-21 14:45:00
1508780700000,22299.572916666668,2017-10-23 17:45:00
1508964300000,10656.041666666666,2017-10-25 20:45:00
1509147900000,52963.359375,2017-10-27 23:45:00
1509331500000,29155.25,2017-10-30 02:45:00
1509515100000,33565.265625,2017-11-01 05:45:00
1509698700000,30089.546875,2017-11-03 08:45:00
1509882300000,29215.411458333332,2017-11-05 11:45:00
1510065900000,37304.567708333336,2017-11-07 14:45:00
1510249500000,39608.703125,2017-11-09 17:45:00
1510433100000,102695.27083333333,2017-11-11 20:45:00
1510616700000,116913.09375,2017-11-13 23:45:00
1510800300000,78599.109375,2017-11-16 02:45:00
1510983900000,45964.729166666664,2017-11-18 05:45:00
1511167500000,22709.927083333332,2017-11-20 08:45:00
1511351100000,26558.921875,2017-11-22 11:45:00
1511534700000,26325.052083333332,2017-11-24 14:45:00
1511718300000,22593.057291666668,2017-11-26 17:45:00
1511901900000,50973.859375,2017-11-28 20:45:00
1512085500000,72571.65625,2017-11-30 23:45:00
1512269100000,41786.171875,2017-12-03 02:45:00
1512452700000,40805.348958333336,2017-12-05 05:45:00
1512636300000,83737.9375,2017-12-07 08:45:00
1512819900000,156725.57291666666,2017-12-09 11:45:00
1513003500000,80535.05208333333,2017-12-11 14:45:00
1513187100000,97703.55208333333,2017-12-13 17:45:00
1513370700000,113968.41145833333,2017-12-15 20:45:00
1513554300000,105901.796875,2017-12-17 23:45:00
1513737900000,123583.859375,2017-12-20 02:45:00
1513921500000,128312.84375,2017-12-22 05:45:00
1514105100000,91109.53125,2017-12-24 08:45:00
1514288700000,88765.66145833333,2017-12-26 11:45:00
1514472300000,106146.3125,2017-12-28 14:45:00
1514655900000,109532.984375,2017-12-30 17:45:00
1514839500000,85879.40104166667,2018-01-01 20:45:00
1515023100000,93340.61979166667,2018-01-03 23:45:00
1515206700000,82542.06770833333,2018-01-06 02:45:00
1515390300000,64390.34375,2018-01-08 05:45:00
1515573900000,39388.036458333336,2018-01-10 08:45:00
1515757500000,33316.71875,2018-01-12 11:45:00
1515941100000,39145.010416666664,2018-01-14 14:45:00
1516124700000,28839.65625,2018-01-16 17:45:00
1516308300000,54769.604166666664,2018-01-18 20:45:00
1516491900000,66220.20833333333,2018-01-20 23:45:00
1516675500000,65571.91145833333,2018-01-23 02:45:00
1516859100000,47128.427083333336,2018-01-25 05:45:00
1517042700000,35463.546875,2018-01-27 08:45:00
1517226300000,24097.286458333332,2018-01-29 11:45:00
1517409900000,16347.015625,2018-01-31 14:45:00
1517593500000,18025.244791666668,2018-02-02 17:45:00
1517777100000,10364.484375,2018-02-04 20:45:00
1517960700000,7075.78125,2018-02-06 23:45:00
1518144300000,5949.786458333333,2018-02-09 02:45:00
1518327900000,6493.260416666667,2018-02-11 05:45:00
1518511500000,5365.223958333333,2018-02-13 08:45:00
1518695100000,7213.333333333333,2018-02-15 11:45:00
1518878700000,3507.0572916666665,2018-02-17 14:45:00
1519062300000,4500.145833333333,2018-02-19 17:45:00
1519245900000,3705.4114583333335,2018-02-21 20:45:00
1519429500000,3836.0208333333335,2018-02-23 23:45:00
1519613100000,1534.6666666666667,2018-02-26 02:45:00
1519796700000,6676.802083333333,2018-02-28 05:45:00
1519980300000,2560.0260416666665,2018-03-02 08:45:00
1520163900000,6561.020833333333,2018-03-04 11:45:00
1520347500000,6135.953125,2018-03-06 14:45:00
1520531100000,4480.703125,2018-03-08 17:45:00
1520714700000,4333.005208333333,2018-03-10 20:45:00
1520898300000,1626.5260416666667,2018-03-12 23:45:00
1521081900000,2066.4375,2018-03-15 02:45:00
1521265500000,1356.625,2018-03-17 05:45:00
1521449100000,1371.625,2018-03-19 08:45:00
1521632700000,2326.6770833333335,2018-03-21 11:45:00
1521816300000,3491.9166666666665,2018-03-23 14:45:00
1521999900000,1748.7708333333333,2018-03-25 17:45:00
1522183500000,2262.359375,2018-03-27 20:45:00
1522367100000,1649.6614583333333,2018-03-29 23:45:00
1522550700000,1903.0364583333333,2018-04-01 02:45:00
1522734300000,1228.1666666666667,2018-04-03 05:45:00
1522917900000,1804.8125,2018-04-05 08:45:00
1523101500000,2068.4270833333335,2018-04-07 11:45:00
1523285100000,1341.328125,2018-04-09 14:45:00
1523468700000,1569.5364583333333,2018-04-11 17:45:00
1523652300000,2994.921875,2018-04-13 20:45:00
1523835900000,1405.5729166666667,2018-04-15 23:45:00
1524019500000,2117.28125,2018-04-18 02:45:00
1524203100000,1574.8958333333333,2018-04-20 05:45:00
1524386700000,1651.78125,2018-04-22 08:45:00
1524570300000,3866.25,2018-04-24 11:45:00
1524753900000,7689.5,2018-04-26 14:45:00
1524937500000,2794.7708333333335,2018-04-28 17:45:00
1525121100000,2050.7395833333335,2018-04-30 20:45:00
1525304700000,3557.9166666666665,2018-05-02 23:45:00
1525488300000,4361.666666666667,2018-05-05 02:45:00
1525671900000,2850.03125,2018-05-07 05:45:00
1525855500000,3546.640625,2018-05-09 08:45:00
1526039100000,3131.1197916666665,2018-05-11 11:45:00
1526222700000,1175.78125,2018-05-13 14:45:00
1526406300000,3205.7447916666665,2018-05-15 17:45:00
1526589900000,2749.3177083333335,2018-05-17 20:45:00
1526773500000,1186.4791666666667,2018-05-19 23:45:00
1526957100000,1750.75,2018-05-22 02:45:00
1527140700000,1801.703125,2018-05-24 05:45:00
1527324300000,2588.6510416666665,2018-05-26 08:45:00
1527507900000,1428.7135416666667,2018-05-28 11:45:00
1527691500000,3519.9583333333335,2018-05-30 14:45:00
1527875100000,1936.328125,2018-06-01 17:45:00
1528058700000,1626.8333333333333,2018-06-03 20:45:00
1528242300000,2718.6770833333335,2018-06-05 23:45:00
1528425900000,4728.265625,2018-06-08 02:45:00
1528609500000,1774.8541666666667,2018-06-10 05:45:00
1528793100000,3231.9375,2018-06-12 08:45:00
1528976700000,7461.822916666667,2018-06-14 11:45:00
1529160300000,1449.90625,2018-06-16 14:45:00
1529343900000,1855.9427083333333,2018-06-18 17:45:00
1529527500000,9328.942708333334,2018-06-20 20:45:00
1529711100000,2918.640625,2018-06-22 23:45:00
1529894700000,1216.265625,2018-06-25 02:45:00
1530078300000,3127.1041666666665,2018-06-27 05:45:00
1530261900000,1895.8645833333333,2018-06-29 08:45:00
1530445500000,1695.8333333333333,2018-07-01 11:45:00
1530629100000,7051.041666666667,2018-07-03 14:45:00
1530812700000,1837.4739583333333,2018-07-05 17:45:00
1530996300000,1373.3645833333333,2018-07-07 20:45:00
1531179900000,3206.9270833333335,2018-07-09 23:45:00
1531363500000,2998.8020833333335,2018-07-12 02:45:00
1531547100000,6327.989583333333,2018-07-14 05:45:00
1531730700000,2264.8229166666665,2018-07-16 08:45:00
1531914300000,2415.0052083333335,2018-07-18 11:45:00
1532097900000,2096.4270833333335,2018-07-20 14:45:00
1532281500000,1495.2395833333333,2018-07-22 17:45:00
1532465100000,3043.109375,2018-07-24 20:45:00
1532648700000,2272.1875,2018-07-26 23:45:00
1532832300000,2214.0729166666665,2018-07-29 02:45:00
1533015900000,3385.4791666666665,2018-07-31 05:45:00
1533199500000,3402.625,2018-08-02 08:45:00
1533383100000,2230.9166666666665,2018-08-04 11:45:00
1533566700000,2566.6302083333335,2018-08-06 14:45:00
1533750300000,2518.3333333333335,2018-08-08 17:45:00
1533933900000,1800.9739583333333,2018-08-10 20:45:00
1534117500000,1329.2552083333333,2018-08-12 23:45:00
1534301100000,5502.270833333333,2018-08-15 02:45:00
1534484700000,3023.9479166666665,2018-08-17 05:45:00
1534668300000,1704.4583333333333,2018-08-19 08:45:00
1534851900000,4301.734375,2018-08-21 11:45:00
1535035500000,2407.9947916666665,2018-08-23 14:45:00
1535219100000,1768.8177083333333,2018-08-25 17:45:00
1535402700000,2251.5625,2018-08-27 20:45:00
1535586300000,2982.0833333333335,2018-08-29 23:45:00
1535769900000,3184.015625,2018-09-01 02:45:00
1535953500000,1756.7135416666667,2018-09-03 05:45:00
1536137100000,5546.182291666667,2018-09-05 08:45:00
1536320700000,3720.4427083333335,2018-09-07 11:45:00
1536504300000,1951.5104166666667,2018-09-09 14:45:00
1536687900000,3951.40625,2018-09-11 17:45:00
1536871500000,2372.6197916666665,2018-09-13 20:45:00
1537055100000,2389.3854166666665,2018-09-15 23:45:00
1537238700000,3417.2708333333335,2018-09-18 02:45:00
1537422300000,3633.9583333333335,2018-09-20 05:45:00
1537605900000,3594.6927083333335,2018-09-22 08:45:00
1537789500000,1833.0208333333333,2018-09-24 11:45:00
1537973100000,4147.432291666667,2018-09-26 14:45:00
1538156700000,4638.838541666667,2018-09-28 17:45:00
1538340300000,1803.296875,2018-09-30 20:45:00
1538523900000,6493.630208333333,2018-10-02 23:45:00
1538707500000,2761.5208333333335,2018-10-05 02:45:00
1538891100000,2482.8958333333335,2018-10-07 05:45:00
1539074700000,3634.0416666666665,2018-10-09 08:45:00
1539258300000,3007.296875,2018-10-11 11:45:00
1539441900000,4303.666666666667,2018-10-13 14:45:00
1539625500000,3936.4375,2018-10-15 17:45:00
1539809100000,4332.84375,2018-10-17 20:45:00
1539992700000,5197.671875,2018-10-19 23:45:00
1540176300000,2402.8489583333335,2018-10-22 02:45:00
1540359900000,5441.770833333333,2018-10-24 05:45:00
1540543500000,5855.125,2018-10-26 08:45:00
1540727100000,3191.5677083333335,2018-10-28 11:45:00
1540910700000,7873.5,2018-10-30 14:45:00
1541094300000,3607.2083333333335,2018-11-01 17:45:00
1541277900000,2574.1614583333335,2018-11-03 20:45:00
1541461500000,6631.770833333333,2018-11-05 23:45:00
1541645100000,8532.260416666666,2018-11-08 02:45:00
1541828700000,6933.8125,2018-11-10 05:45:00
1542012300000,2868.2708333333335,2018-11-12 08:45:00
1542195900000,7353.119791666667,2018-11-14 11:45:00
1542379500000,14159.953125,2018-11-16 14:45:00
1542563100000,3424.0364583333335,2018-11-18 17:45:00
1542746700000,32867.604166666664,2018-11-20 20:45:00
1542930300000,8004.479166666667,2018-11-22 23:45:00
1543113900000,4044.0,2018-11-25 02:45:00
1543297500000,7526.036458333333,2018-11-27 05:45:00
1543481100000,15542.880208333334,2018-11-29 08:45:00
1543664700000,11712.302083333334,2018-12-01 11:45:00
1543848300000,4145.09375,2018-12-03 14:45:00
1544031900000,3930.8697916666665,2018-12-05 17:45:00
1544215500000,7360.463541666667,2018-12-07 20:45:00
1544399100000,2869.1979166666665,2018-12-09 23:45:00
1544582700000,7611.052083333333,2018-12-12 02:45:00
1544766300000,4600.510416666667,2018-12-14 05:45:00
1544949900000,3823.7552083333335,2018-12-16 08:45:00
1545133500000,4563.536458333333,2018-12-18 11:45:00
1545317100000,4694.192708333333,2018-12-20 14:45:00
1545500700000,2695.4635416666665,2018-12-22 17:45:00
1545684300000,4565.333333333333,2018-12-24 20:45:00
1545867900000,3171.421875,2018-12-26 23:45:00
1546051500000,2990.2708333333335,2018-12-29 02:45:00
1546235100000,1691.890625,2018-12-31 05:45:00
1546418700000,1956.90625,2019-01-02 08:45:00
1546602300000,3551.953125,2019-01-04 11:45:00
1546785900000,2841.859375,2019-01-06 14:45:00
1546969500000,3627.6666666666665,2019-01-08 17:45:00
1547153100000,4055.953125,2019-01-10 20:45:00
1547336700000,3128.140625,2019-01-12 23:45:00
1547520300000,4007.1875,2019-01-15 02:45:00
1547703900000,6166.083333333333,2019-01-17 05:45:00
1547887500000,4281.078125,2019-01-19 08:45:00
1548071100000,3095.515625,2019-01-21 11:45:00
1548254700000,5546.572916666667,2019-01-23 14:45:00
1548438300000,5429.578125,2019-01-25 17:45:00
1548621900000,3072.125,2019-01-27 20:45:00
1548805500000,4044.0572916666665,2019-01-29 23:45:00
1548989100000,3992.8229166666665,2019-02-01 02:45:00
1549172700000,4264.197916666667,2019-02-03 05:45:00
1549356300000,3868.4322916666665,2019-02-05 08:45:00
1549539900000,3511.859375,2019-02-07 11:45:00
1549723500000,6698.427083333333,2019-02-09 14:45:00
1549907100000,5988.791666666667,2019-02-11 17:45:00
1550090700000,14955.677083333334,2019-02-13 20:45:00
1550274300000,16945.885416666668,2019-02-15 23:45:00
1550457900000,4148.057291666667,2019-02-18 02:45:00
1550641500000,12951.588541666666,2019-02-20 05:45:00
1550825100000,12677.65625,2019-02-22 08:45:00
1551008700000,4974.671875,2019-02-24 11:45:00
1551192300000,10193.755208333334,2019-02-26 14:45:00
1551375900000,8881.8125,2019-02-28 17:45:00
1551559500000,6942.791666666667,2019-03-02 20:45:00
1551743100000,8678.307291666666,2019-03-04 23:45:00
1551926700000,9501.140625,2019-03-07 02:45:00
1552110300000,4993.630208333333,2019-03-09 05:45:00
1552293900000,3673.3385416666665,2019-03-11 08:45:00
1552477500000,7094.5625,2019-03-13 11:45:00
1552661100000,2627.9895833333335,2019-03-15 14:45:00
1552844700000,1978.5833333333333,2019-03-17 17:45:00
1553028300000,3617.90625,2019-03-19 20:45:00
1553211900000,5780.473958333333,2019-03-21 23:45:00
1553395500000,1829.6145833333333,2019-03-24 02:45:00
1553579100000,6615.3125,2019-03-26 05:45:00
1553762700000,15661.255208333334,2019-03-28 08:45:00
1553946300000,25915.302083333332,2019-03-30 11:45:00
1554129900000,15013.15625,2019-04-01 14:45:00
1554313500000,53290.994791666664,2019-04-03 17:45:00
1554497100000,27133.895833333332,2019-04-05 20:45:00
1554680700000,8108.791666666667,2019-04-07 23:45:00
1554864300000,13139.15625,2019-04-10 02:45:00
1555047900000,10986.364583333334,2019-04-12 05:45:00
1555231500000,7472.020833333333,2019-04-14 08:45:00
1555415100000,9879.96875,2019-04-16 11:45:00
1555598700000,16632.822916666668,2019-04-18 14:45:00
1555782300000,11907.5625,2019-04-20 17:45:00
1555965900000,15577.265625,2019-04-22 20:45:00
1556149500000,31614.833333333332,2019-04-24 23:45:00
1556333100000,13185.708333333334,2019-04-27 02:45:00
1556516700000,4837.041666666667,2019-04-29 05:45:00
1556700300000,18675.260416666668,2019-05-01 08:45:00
1556883900000,7984.942708333333,2019-05-03 11:45:00
1557067500000,11287.104166666666,2019-05-05 14:45:00
1557251100000,16529.645833333332,2019-05-07 17:45:00
1557434700000,20054.958333333332,2019-05-09 20:45:00
1557618300000,27248.536458333332,2019-05-11 23:45:00
1557801900000,8605.442708333334,2019-05-14 02:45:00
1557985500000,50261.083333333336,2019-05-16 05:45:00
1558169100000,52994.697916666664,2019-05-18 08:45:00
1558352700000,5505.609375,2019-05-20 11:45:00
1558536300000,16328.645833333334,2019-05-22 14:45:00
1558719900000,17506.171875,2019-05-24 17:45:00
1558903500000,4497.760416666667,2019-05-26 20:45:00
1559087100000,14697.151041666666,2019-05-28 23:45:00
1559270700000,18097.890625,2019-05-31 02:45:00
1559454300000,13680.447916666666,2019-06-02 05:45:00
1559637900000,34842.895833333336,2019-06-04 08:45:00
1559821500000,6071.052083333333,2019-06-06 11:45:00
1560005100000,8597.229166666666,2019-06-08 14:45:00
1560188700000,5837.510416666667,2019-06-10 17:45:00
1560372300000,13622.046875,2019-06-12 20:45:00
1560555900000,15256.177083333334,2019-06-14 23:45:00
1560739500000,14644.286458333334,2019-06-17 02:45:00
1560923100000,18538.411458333332,2019-06-19 05:45:00
1561106700000,26205.666666666668,2019-06-21 08:45:00
1561290300000,33565.260416666664,2019-06-23 11:45:00
1561473900000,10276.359375,2019-06-25 14:45:00
1561657500000,63891.708333333336,2019-06-27 17:45:00
1561841100000,8976.0,2019-06-29 20:45:00
1562024700000,15153.583333333334,2019-07-01 23:45:00
1562208300000,6779.734375,2019-07-04 02:45:00
1562391900000,6172.166666666667,2019-07-06 05:45:00
1562575500000,3823.7604166666665,2019-07-08 08:45:00
1562759100000,19481.947916666668,2019-07-10 11:45:00
1562943600000,25787.609375,2019-07-12 15:00:00
1563127200000,3985.0572916666665,2019-07-14 18:00:00
1563310800000,4729.109375,2019-07-16 21:00:00
1563494400000,26608.234375,2019-07-19 00:00:00
1563679800000,3587.6614583333335,2019-07-21 03:30:00
1563863400000,7622.869791666667,2019-07-23 06:30:00
1564047000000,7713.859375,2019-07-25 09:30:00
1564230600000,2999.890625,2019-07-27 12:30:00
1564414200000,3535.953125,2019-07-29 15:30:00
1564597800000,6961.697916666667,2019-07-31 18:30:00
1564781400000,4884.723958333333,2019-08-02 21:30:00
1564965000000,2690.1041666666665,2019-08-05 00:30:00
1565148600000,6341.041666666667,2019-08-07 03:30:00
1565332200000,9063.942708333334,2019-08-09 06:30:00
1565515800000,2353.40625,2019-08-11 09:30:00
1565699400000,13489.854166666666,2019-08-13 12:30:00
1565883000000,4877.973958333333,2019-08-15 15:30:00
1566066600000,5754.1875,2019-08-17 18:30:00
1566250200000,6045.932291666667,2019-08-19 21:30:00
1566433800000,8029.53125,2019-08-22 00:30:00
1566617400000,4459.609375,2019-08-24 03:30:00
1566801000000,3151.7395833333335,2019-08-26 06:30:00
1566984600000,5974.171875,2019-08-28 09:30:00
1567168200000,5146.34375,2019-08-30 12:30:00
1567351800000,2511.765625,2019-09-01 15:30:00
1567535400000,6473.432291666667,2019-09-03 18:30:00
1567719000000,5970.291666666667,2019-09-05 21:30:00
1567902600000,3597.8229166666665,2019-09-08 00:30:00
1568086200000,6717.046875,2019-09-10 03:30:00
1568269800000,4722.447916666667,2019-09-12 06:30:00
1568453400000,5013.307291666667,2019-09-14 09:30:00
1568637000000,3599.5677083333335,2019-09-16 12:30:00
1568820600000,7141.171875,2019-09-18 15:30:00
1569004200000,6237.229166666667,2019-09-20 18:30:00
1569187800000,2830.5260416666665,2019-09-22 21:30:00
1569371400000,6220.34375,2019-09-25 00:30:00
1569555000000,3818.3854166666665,2019-09-27 03:30:00
1569738600000,2772.9010416666665,2019-09-29 06:30:00
1569922200000,12623.244791666666,2019-10-01 09:30:00
1570105800000,4843.177083333333,2019-10-03 12:30:00
1570289400000,3259.78125,2019-10-05 15:30:00
1570473000000,3964.0104166666665,2019-10-07 18:30:00
1570656600000,11328.333333333334,2019-10-09 21:30:00
1570840200000,5285.911458333333,2019-10-12 00:30:00
1571023800000,3429.7604166666665,2019-10-14 03:30:00
1571207400000,5456.114583333333,2019-10-16 06:30:00
1571391000000,6252.71875,2019-10-18 09:30:00
1571574600000,3154.8802083333335,2019-10-20 12:30:00
1571758200000,5416.911458333333,2019-10-22 15:30:00
1571941800000,7501.3125,2019-10-24 18:30:00
1572125400000,10694.90625,2019-10-26 21:30:00
1572309000000,7445.8125,2019-10-29 00:30:00
1572492600000,5329.416666666667,2019-10-31 03:30:00
1572676200000,8854.166666666666,2019-11-02 06:30:00
1572859800000,4937.901041666667,2019-11-04 09:30:00
1573043400000,7747.989583333333,2019-11-06 12:30:00
1573227000000,9220.65625,2019-11-08 15:30:00
1573410600000,2480.046875,2019-11-10 18:30:00
1573594200000,7656.760416666667,2019-11-12 21:30:00
1573777800000,3482.6041666666665,2019-11-15 00:30:00
1573961400000,6559.354166666667,2019-11-17 03:30:00
1574145000000,10397.09375,2019-11-19 06:30:00
1574328600000,5365.942708333333,2019-11-21 09:30:00
1574512200000,7947.796875,2019-11-23 12:30:00
1574695800000,6922.057291666667,2019-11-25 15:30:00
1574879400000,7979.609375,2019-11-27 18:30:00
1575063000000,10325.005208333334,2019-11-29 21:30:00
1575246600000,2724.625,2019-12-02 00:30:00
1575430200000,3568.1927083333335,2019-12-04 03:30:00
1575613800000,3536.2083333333335,2019-12-06 06:30:00
1575797400000,2448.4791666666665,2019-12-08 09:30:00
1575981000000,7714.541666666667,2019-12-10 12:30:00
1576164600000,4754.385416666667,2019-12-12 15:30:00
1576348200000,2982.5416666666665,2019-12-14 18:30:00
1576531800000,5216.203125,2019-12-16 21:30:00
1576715400000,9193.125,2019-12-19 00:30:00
1576899000000,3904.4739583333335,2019-12-21 03:30:00
1577082600000,2579.71875,2019-12-23 06:30:00
1577266200000,3597.7916666666665,2019-12-25 09:30:00
1577449800000,3390.9479166666665,2019-12-27 12:30:00
1577633400000,2623.3958333333335,2019-12-29 15:30:00
1577817000000,5093.348958333333,2019-12-31 18:30:00
1578000600000,3378.21875,2020-01-02 21:30:00
1578184200000,2632.1666666666665,2020-01-05 00:30:00
1578367800000,7479.8125,2020-01-07 03:30:00
1578551400000,10536.9375,2020-01-09 06:30:00
1578735000000,3890.5989583333335,2020-01-11 09:30:00
1578918600000,3308.4739583333335,2020-01-13 12:30:00
1579102200000,6744.59375,2020-01-15 15:30:00
1579285800000,5073.822916666667,2020-01-17 18:30:00
1579469400000,5520.25,2020-01-19 21:30:00
1579653000000,8299.963541666666,2020-01-22 00:30:00
1579836600000,3679.453125,2020-01-24 03:30:00
1580020200000,2475.0989583333335,2020-01-26 06:30:00
1580203800000,15535.760416666666,2020-01-28 09:30:00
1580387400000,5027.953125,2020-01-30 12:30:00
1580571000000,5840.5,2020-02-01 15:30:00
1580754600000,4998.458333333333,2020-02-03 18:30:00
1580938200000,5533.854166666667,2020-02-05 21:30:00
1581121800000,11421.9375,2020-02-08 00:30:00
1581305400000,3291.4375,2020-02-10 03:30:00
1581489000000,9018.046875,2020-02-12 06:30:00
1581674400000,8531.822916666666,2020-02-14 10:00:00
1581858000000,3996.3645833333335,2020-02-16 13:00:00
1582041600000,4625.270833333333,2020-02-18 16:00:00
1582225200000,8108.427083333333,2020-02-20 19:00:00
1582408800000,3797.3333333333335,2020-02-22 22:00:00
1582592400000,7038.104166666667,2020-02-25 01:00:00
1582776000000,9935.963541666666,2020-02-27 04:00:00
1582959600000,3758.84375,2020-02-29 07:00:00
1583143200000,2467.171875,2020-03-02 10:00:00
1583326800000,5866.057291666667,2020-03-04 13:00:00
1583510400000,8416.614583333334,2020-03-06 16:00:00
1583694000000,2735.0052083333335,2020-03-08 19:00:00
1583877600000,9928.182291666666,2020-03-10 22:00:00
1584061200000,20427.104166666668,2020-03-13 01:00:00
1584252000000,6179.463541666667,2020-03-15 06:00:00
1584435600000,15614.359375,2020-03-17 09:00:00
1584619200000,21362.229166666668,2020-03-19 12:00:00
1584802800000,14706.416666666666,2020-03-21 15:00:00
1584986400000,8384.911458333334,2020-03-23 18:00:00
1585171800000,19568.348958333332,2020-03-25 21:30:00
1585355400000,5352.838541666667,2020-03-28 00:30:00
1585539000000,2065.375,2020-03-30 03:30:00
1585722600000,5322.71875,2020-04-01 06:30:00
1585906200000,3977.6510416666665,2020-04-03 09:30:00
1586089800000,1841.9114583333333,2020-04-05 12:30:00
1586273400000,7691.244791666667,2020-04-07 15:30:00
1586457000000,4755.375,2020-04-09 18:30:00
1586640600000,2710.6302083333335,2020-04-11 21:30:00
1586824200000,2408.7083333333335,2020-04-14 00:30:00
1587007800000,7417.3125,2020-04-16 03:30:00
1587191400000,12181.015625,2020-04-18 06:30:00
1587375000000,2542.4791666666665,2020-04-20 09:30:00
1587558600000,4160.307291666667,2020-04-22 12:30:00
1587742200000,9630.333333333334,2020-04-24 15:30:00
1587925800000,3345.4583333333335,2020-04-26 18:30:00
1588109400000,4375.223958333333,2020-04-28 21:30:00
1588293000000,55396.536458333336,2020-05-01 00:30:00
1588476600000,14117.359375,2020-05-03 03:30:00
1588660200000,5985.421875,2020-05-05 06:30:00
1588843800000,8859.932291666666,2020-05-07 09:30:00
1589027400000,28398.682291666668,2020-05-09 12:30:00
1589211000000,6888.385416666667,2020-05-11 15:30:00
1589394600000,18663.364583333332,2020-05-13 18:30:00
1589578200000,68192.78125,2020-05-15 21:30:00
1589761800000,33498.098958333336,2020-05-18 00:30:00
1589945400000,51957.192708333336,2020-05-20 03:30:00
1590129000000,44608.520833333336,2020-05-22 06:30:00
1590312600000,21394.151041666668,2020-05-24 09:30:00
1590496200000,17230.067708333332,2020-05-26 12:30:00
1590679800000,13206.4375,2020-05-28 15:30:00
1590863400000,7666.901041666667,2020-05-30 18:30:00
1591047000000,9189.28125,2020-06-01 21:30:00
1591230600000,16621.057291666668,2020-06-04 00:30:00
1591414200000,3914.3072916666665,2020-06-06 03:30:00
1591597800000,3455.0833333333335,2020-06-08 06:30:00
1591781400000,6663.005208333333,2020-06-10 09:30:00
1591965000000,6131.270833333333,2020-06-12 12:30:00
1592148600000,3011.6302083333335,2020-06-14 15:30:00
1592332200000,17651.739583333332,2020-06-16 18:30:00
1592515800000,15556.572916666666,2020-06-18 21:30:00
1592699400000,4244.3125,2020-06-21 00:30:00
1592883000000,13953.369791666666,2020-06-23 03:30:00
1593066600000,7340.671875,2020-06-25 06:30:00
1593250200000,4436.067708333333,2020-06-27 09:30:00
1593433800000,5073.661458333333,2020-06-29 12:30:00
1593617400000,25233.802083333332,2020-07-01 15:30:00
1593801000000,10359.208333333334,2020-07-03 18:30:00
1593984600000,2384.6510416666665,2020-07-05 21:30:00
1594168200000,10353.833333333334,2020-07-08 00:30:00
1594351800000,8770.739583333334,2020-07-10 03:30:00
1594535400000,5103.703125,2020-07-12 06:30:00
1594719000000,30071.364583333332,2020-07-14 09:30:00
1594902600000,27735.244791666668,2020-07-16 12:30:00
1595086200000,52026.901041666664,2020-07-18 15:30:00
1595269800000,17453.796875,2020-07-20 18:30:00
1595453400000,49445.052083333336,2020-07-22 21:30:00
1595637000000,33129.567708333336,2020-07-25 00:30:00
1595820600000,11339.708333333334,2020-07-27 03:30:00
1596004200000,56459.609375,2020-07-29 06:30:00
1596187800000,42465.729166666664,2020-07-31 09:30:00
1596371400000,27191.885416666668,2020-08-02 12:30:00
1596555000000,11982.416666666666,2020-08-04 15:30:00
1596738600000,38145.427083333336,2020-08-06 18:30:00
1596922200000,9699.171875,2020-08-08 21:30:00
1597105800000,27175.072916666668,2020-08-11 00:30:00
1597289400000,12040.848958333334,2020-08-13 03:30:00
1597473000000,10089.734375,2020-08-15 06:30:00
1597656600000,5822.442708333333,2020-08-17 09:30:00
1597840200000,41813.411458333336,2020-08-19 12:30:00
1598023800000,15178.973958333334,2020-08-21 15:30:00
1598207400000,6152.302083333333,2020-08-23 18:30:00
1598391000000,17315.75,2020-08-25 21:30:00
1598574600000,31731.515625,2020-08-28 00:30:00
1598758200000,5116.979166666667,2020-08-30 03:30:00
1598941800000,21961.989583333332,2020-09-01 06:30:00
1599125400000,33088.484375,2020-09-03 09:30:00
1599309000000,57050.59375,2020-09-05 12:30:00
1599492600000,5649.432291666667,2020-09-07 15:30:00
1599676200000,7049.65625,2020-09-09 18:30:00
1599859800000,11026.979166666666,2020-09-11 21:30:00
1600043400000,2773.125,2020-09-14 00:30:00
1600227000000,12946.442708333334,2020-09-16 03:30:00
1600410600000,4034.4114583333335,2020-09-18 06:30:00
1600594200000,4246.041666666667,2020-09-20 09:30:00
1600777800000,28733.125,2020-09-22 12:30:00
1600961400000,26699.6875,2020-09-24 15:30:00
1601145000000,8567.90625,2020-09-26 18:30:00
1601328600000,16087.640625,2020-09-28 21:30:00
1601512200000,21286.625,2020-10-01 00:30:00
1601695800000,46600.609375,2020-10-03 03:30:00
1601879400000,2917.9583333333335,2020-10-05 06:30:00
1602063000000,37323.994791666664,2020-10-07 09:30:00
1602246600000,18786.484375,2020-10-09 12:30:00
1602430200000,3971.4322916666665,2020-10-11 15:30:00
1602613800000,8716.416666666666,2020-10-13 18:30:00
1602797400000,11686.973958333334,2020-10-15 21:30:00
1602981000000,5048.135416666667,2020-10-18 00:30:00
1603164600000,22028.005208333332,2020-10-20 03:30:00
1603348200000,44126.53125,2020-10-22 06:30:00
1603531800000,40555.692708333336,2020-10-24 09:30:00
1603715400000,13144.171875,2020-10-26 12:30:00
1603899000000,115634.02604166667,2020-10-28 15:30:00
1604082600000,118833.41666666667,2020-10-30 18:30:00
1604266200000,69748.96875,2020-11-01 21:30:00
1604449800000,68180.08854166667,2020-11-04 00:30:00
1604633400000,42196.807291666664,2020-11-06 03:30:00
1604817000000,20470.276041666668,2020-11-08 06:30:00
1605000600000,5869.619791666667,2020-11-10 09:30:00
1605184200000,7633.057291666667,2020-11-12 12:30:00
1605367800000,10279.520833333334,2020-11-14 15:30:00
1605551400000,6768.776041666667,2020-11-16 18:30:00
1605735000000,10549.458333333334,2020-11-18 21:30:00
1605918600000,10857.427083333334,2020-11-21 00:30:00
1606102200000,2988.6979166666665,2020-11-23 03:30:00
1606285800000,41305.557291666664,2020-11-25 06:30:00
1606469400000,32784.380208333336,2020-11-27 09:30:00
1606653000000,4867.104166666667,2020-11-29 12:30:00
1606836600000,57418.890625,2020-12-01 15:30:00
1607020200000,34554.619791666664,2020-12-03 18:30:00
1607203800000,20220.479166666668,2020-12-05 21:30:00
1607387400000,14065.979166666666,2020-12-08 00:30:00
1607571000000,15453.666666666666,2020-12-10 03:30:00
1607754600000,23503.90625,2020-12-12 06:30:00
1607938200000,3045.5052083333335,2020-12-14 09:30:00
1608121800000,19543.052083333332,2020-12-16 12:30:00
1608305400000,111565.30729166667,2020-12-18 15:30:00
1608489000000,17104.666666666668,2020-12-20 18:30:00
1608672600000,26776.864583333332,2020-12-22 21:30:00
1608856200000,37068.369791666664,2020-12-25 00:30:00
1609039800000,14952.84375,2020-12-27 03:30:00
1609223400000,18119.411458333332,2020-12-29 06:30:00
1609407000000,21663.416666666668,2020-12-31 09:30:00
1609590600000,6674.973958333333,2021-01-02 12:30:00
1609774200000,10908.25,2021-01-04 15:30:00
1609957800000,24432.666666666668,2021-01-06 18:30:00
1610141400000,48305.598958333336,2021-01-08 21:30:00
1610325000000,44520.375,2021-01-11 00:30:00
1610508600000,61874.302083333336,2021-01-13 03:30:00
1610692200000,67341.453125,2021-01-15 06:30:00
1610875800000,45922.432291666664,2021-01-17 09:30:00
1611059400000,39287.880208333336,2021-01-19 12:30:00
1611243000000,52395.9375,2021-01-21 15:30:00
1611426600000,48402.796875,2021-01-23 18:30:00
1611610200000,34691.067708333336,2021-01-25 21:30:00
1611793800000,27644.234375,2021-01-28 00:30:00
1611977400000,60546.630208333336,2021-01-30 03:30:00
1612161000000,27172.098958333332,2021-02-01 06:30:00
1612344600000,41354.171875,2021-02-03 09:30:00
1612528200000,41226.208333333336,2021-02-05 12:30:00
1612711800000,30226.380208333332,2021-02-07 15:30:00
1612895400000,79601.13020833333,2021-02-09 18:30:00
1613079000000,88093.88541666667,2021-02-11 21:30:00
1613262600000,75107.06770833333,2021-02-14 00:30:00
1613446200000,43185.416666666664,2021-02-16 03:30:00
1613629800000,67113.09895833333,2021-02-18 06:30:00
1613813400000,78982.27083333333,2021-02-20 09:30:00
1613997000000,67479.52083333333,2021-02-22 12:30:00
1614180600000,92627.19791666667,2021-02-24 15:30:00
1614364200000,74213.55729166667,2021-02-26 18:30:00
1614547800000,45248.177083333336,2021-02-28 21:30:00
1614731400000,55248.770833333336,2021-03-03 00:30:00
1614915000000,56720.109375,2021-03-05 03:30:00
1615098600000,36039.416666666664,2021-03-07 06:30:00
1615282200000,37823.244791666664,2021-03-09 09:30:00
1615465800000,44984.015625,2021-03-11 12:30:00
1615649400000,36370.140625,2021-03-13 15:30:00
1615833000000,19701.65625,2021-03-15 18:30:00
1616016600000,31996.166666666668,2021-03-17 21:30:00
1616200200000,26662.40625,2021-03-20 00:30:00
1616383800000,26015.484375,2021-03-22 03:30:00
1616567400000,36889.432291666664,2021-03-24 06:30:00
1616751000000,34568.958333333336,2021-03-26 09:30:00
1616934600000,35287.828125,2021-03-28 12:30:00
1617118200000,48864.989583333336,2021-03-30 15:30:00
1617301800000,44790.614583333336,2021-04-01 18:30:00
1617485400000,49145.369791666664,2021-04-03 21:30:00
1617669000000,34786.489583333336,2021-04-06 00:30:00
1617852600000,38794.692708333336,2021-04-08 03:30:00
1618036200000,37756.260416666664,2021-04-10 06:30:00
1618219800000,30865.317708333332,2021-04-12 09:30:00
1618403400000,64828.171875,2021-04-14 12:30:00
1618587000000,60308.765625,2021-04-16 15:30:00
1618770600000,110173.84375,2021-04-18 18:30:00
1618954200000,118601.3125,2021-04-20 21:30:00
1619137800000,116772.96354166667,2021-04-23 00:30:00
1619321400000,73745.140625,2021-04-25 03:30:00
1619505000000,52051.609375,2021-04-27 06:30:00
1619688600000,39069.807291666664,2021-04-29 09:30:00
1619872200000,38106.21875,2021-05-01 12:30:00
1620055800000,24026.390625,2021-05-03 15:30:00
1620239400000,31486.973958333332,2021-05-05 18:30:00
1620423000000,26956.166666666668,2021-05-07 21:30:00
1620606600000,19406.458333333332,2021-05-10 00:30:00
1620790200000,16018.380208333334,2021-05-12 03:30:00
1620973800000,15778.453125,2021-05-14 06:30:00
1621157400000,15971.0,2021-05-16 09:30:00
1621341000000,24034.609375,2021-05-18 12:30:00
1621524600000,65462.729166666664,2021-05-20 15:30:00
1621708200000,56300.390625,2021-05-22 18:30:00
1621891800000,24026.484375,2021-05-24 21:30:00
1622075400000,23042.890625,2021-05-27 00:30:00
1622259000000,29034.3125,2021-05-29 03:30:00
1622442600000,7732.083333333333,2021-05-31 06:30:00
1622626200000,8398.796875,2021-06-02 09:30:00
1622809800000,3654.1510416666665,2021-06-04 12:30:00
1622993400000,1660.2395833333333,2021-06-06 15:30:00
1623177000000,3847.2552083333335,2021-06-08 18:30:00
1623360600000,34607.708333333336,2021-06-10 21:30:00
1623544200000,19970.989583333332,2021-06-13 00:30:00
1623727800000,10328.203125,2021-06-15 03:30:00
1623911400000,6309.869791666667,2021-06-17 06:30:00
1624095000000,4438.088541666667,2021-06-19 09:30:00
1624278600000,8725.604166666666,2021-06-21 12:30:00
1624462200000,31521.359375,2021-06-23 15:30:00
1624645800000,14896.239583333334,2021-06-25 18:30:00
1624829400000,16402.072916666668,2021-06-27 21:30:00
1625013000000,42166.885416666664,2021-06-30 00:30:00
1625196600000,55291.182291666664,2021-07-02 03:30:00
1625380200000,26031.21875,2021-07-04 06:30:00
1625563800000,3767.0989583333335,2021-07-06 09:30:00
1625747400000,4337.458333333333,2021-07-08 12:30:00
1625931000000,2972.984375,2021-07-10 15:30:00
1626114600000,4035.4895833333335,2021-07-12 18:30:00
1626298200000,2149.1354166666665,2021-07-14 21:30:00
1626481800000,2425.4270833333335,2021-07-17 00:30:00
1626665400000,1518.25,2021-07-19 03:30:00
1626849000000,4109.817708333333,2021-07-21 06:30:00
1627032600000,2287.4322916666665,2021-07-23 09:30:00
1627216200000,1617.3645833333333,2021-07-25 12:30:00
1627399800000,4579.973958333333,2021-07-27 15:30:00
1627583400000,2332.234375,2021-07-29 18:30:00
1627767000000,1661.203125,2021-07-31 21:30:00
1627950600000,2532.3385416666665,2021-08-03 00:30:00
1628134200000,5822.177083333333,2021-08-05 03:30:00
1628317800000,2498.78125,2021-08-07 06:30:00
1628501400000,1706.046875,2021-08-09 09:30:00
1628685000000,2093.5833333333335,2021-08-11 12:30:00
1628868600000,3751.59375,2021-08-13 15:30:00
1629052200000,1196.890625,2021-08-15 18:30:00
1629235800000,2640.0208333333335,2021-08-17 21:30:00
1629419400000,3113.546875,2021-08-20 00:30:00
1629603000000,1533.4166666666667,2021-08-22 03:30:00
1629786600000,1904.5104166666667,2021-08-24 06:30:00
1629970200000,2513.2447916666665,2021-08-26 09:30:00
1630153800000,4050.828125,2021-08-28 12:30:00
1630337400000,2037.2916666666667,2021-08-30 15:30:00
1630521000000,10981.973958333334,2021-09-01 18:30:00
1630704600000,5112.807291666667,2021-09-03 21:30:00
1630888200000,2323.078125,2021-09-06 00:30:00
1631071800000,5912.182291666667,2021-09-08 03:30:00
1631255400000,5878.854166666667,2021-09-10 06:30:00
1631439000000,2300.4322916666665,2021-09-12 09:30:00
1631622600000,4609.380208333333,2021-09-14 12:30:00
1631806200000,7157.453125,2021-09-16 15:30:00
1631989800000,2661.7604166666665,2021-09-18 18:30:00
1632173400000,3665.7291666666665,2021-09-20 21:30:00
1632357000000,4378.729166666667,2021-09-23 00:30:00
1632540600000,2650.203125,2021-09-25 03:30:00
1632724200000,1805.4739583333333,2021-09-27 06:30:00
1632907800000,5185.130208333333,2021-09-29 09:30:00
1633091400000,3874.7291666666665,2021-10-01 12:30:00
1633275000000,2123.34375,2021-10-03 15:30:00
1633458600000,4300.848958333333,2021-10-05 18:30:00
1633642200000,32711.723958333332,2021-10-07 21:30:00
1633825800000,2734.8385416666665,2021-10-10 00:30:00
1634009400000,9540.515625,2021-10-12 03:30:00
1634193000000,3199.59375,2021-10-14 06:30:00
1634376600000,13831.65625,2021-10-16 09:30:00
1634560200000,2287.65625,2021-10-18 12:30:00
1634743800000,4078.5677083333335,2021-10-20 15:30:00
1634927400000,3511.796875,2021-10-22 18:30:00
1635111000000,2091.1875,2021-10-24 21:30:00
1635294600000,4840.213541666667,2021-10-27 00:30:00
1635478200000,3527.8541666666665,2021-10-29 03:30:00
1635661800000,2639.046875,2021-10-31 06:30:00
1635845400000,5139.802083333333,2021-11-02 09:30:00
1636029000000,4401.666666666667,2021-11-04 12:30:00
1636212600000,3335.3802083333335,2021-11-06 15:30:00
1636396200000,5310.598958333333,2021-11-08 18:30:00
1636579800000,7827.348958333333,2021-11-10 21:30:00
1636763400000,4678.494791666667,2021-11-13 00:30:00
1636947000000,1897.9739583333333,2021-11-15 03:30:00
1637130600000,4408.890625,2021-11-17 06:30:00
1637314200000,3965.3333333333335,2021-11-19 09:30:00
1637497800000,2610.6145833333335,2021-11-21 12:30:00
1637681400000,3692.6927083333335,2021-11-23 15:30:00
1637865000000,6174.901041666667,2021-11-25 18:30:00
1638048600000,2298.2552083333335,2021-11-27 21:30:00
1638232200000,4295.255208333333,2021-11-30 00:30:00
1638415800000,19126.505208333332,2021-12-02 03:30:00
1638599400000,3182.0677083333335,2021-12-04 06:30:00
1638783000000,2093.0833333333335,2021-12-06 09:30:00
1638966600000,1809.7291666666667,2021-12-08 12:30:00
1639150200000,3529.015625,2021-12-10 15:30:00
1639333800000,1992.9010416666667,2021-12-12 18:30:00
1639517400000,3056.0260416666665,2021-12-14 21:30:00
1639701000000,6640.385416666667,2021-12-17 00:30:00
1639884600000,5127.072916666667,2021-12-19 03:30:00
1640068200000,4718.640625,2021-12-21 06:30:00
1640251800000,2359.5364583333335,2021-12-23 09:30:00
1640435400000,10122.96875,2021-12-25 12:30:00
1640619000000,3341.3125,2021-12-27 15:30:00
1640802600000,9472.869791666666,2021-12-29 18:30:00
1640986200000,10036.760416666666,2021-12-31 21:30:00
1641169800000,2041.359375,2022-01-03 00:30:00
1641353400000,5538.171875,2022-01-05 03:30:00
1641537000000,3430.8177083333335,2022-01-07 06:30:00
1641720600000,3027.515625,2022-01-09 09:30:00
1641904200000,5601.661458333333,2022-01-11 12:30:00
1642087800000,2353.4322916666665,2022-01-13 15:30:00
1642271400000,2522.125,2022-01-15 18:30:00
1642455000000,2410.8072916666665,2022-01-17 21:30:00
1642638600000,2424.5625,2022-01-20 00:30:00
1642822200000,6476.520833333333,2022-01-22 03:30:00
1643005800000,1629.640625,2022-01-24 06:30:00
1643189400000,4865.619791666667,2022-01-26 09:30:00
1643373000000,3434.1041666666665,2022-01-28 12:30:00
1643556600000,2134.7083333333335,2022-01-30 15:30:00
1643740200000,6099.197916666667,2022-02-01 18:30:00
1643923800000,3064.0625,2022-02-03 21:30:00
1644107400000,11150.817708333334,2022-02-06 00:30:00
1644291000000,9564.192708333334,2022-02-08 03:30:00
1644474600000,5655.494791666667,2022-02-10 06:30:00
1644658200000,8813.755208333334,2022-02-12 09:30:00
1644841800000,1671.4583333333333,2022-02-14 12:30:00
1645025400000,3196.7239583333335,2022-02-16 15:30:00
1645209000000,4131.119791666667,2022-02-18 18:30:00
1645392600000,1648.40625,2022-02-20 21:30:00
1645576200000,2081.375,2022-02-23 00:30:00
1645759800000,4819.401041666667,2022-02-25 03:30:00
1645943400000,2298.828125,2022-02-27 06:30:00
1646127000000,3641.9427083333335,2022-03-01 09:30:00
1646310600000,5394.130208333333,2022-03-03 12:30:00
1646494200000,5511.302083333333,2022-03-05 15:30:00
1646677800000,2346.1145833333335,2022-03-07 18:30:00
1646861400000,8747.682291666666,2022-03-09 21:30:00
1647045000000,6380.802083333333,2022-03-12 00:30:00
1647228600000,1806.4583333333333,2022-03-14 03:30:00
1647412200000,3134.015625,2022-03-16 06:30:00
1647595800000,2790.625,2022-03-18 09:30:00
1647779400000,1952.5833333333333,2022-03-20 12:30:00
1647963000000,5926.067708333333,2022-03-22 15:30:00
1648146600000,4145.453125,2022-03-24 18:30:00
1648330200000,2069.2135416666665,2022-03-26 21:30:00
1648513800000,3394.40625,2022-03-29 00:30:00
1648697400000,7031.697916666667,2022-03-31 03:30:00
1648881000000,6774.90625,2022-04-02 06:30:00
1649064600000,2428.2447916666665,2022-04-04 09:30:00
1649248200000,6136.317708333333,2022-04-06 12:30:00
1649431800000,6752.0625,2022-04-08 15:30:00
1649615400000,1816.0260416666667,2022-04-10 18:30:00
1649799000000,4567.578125,2022-04-12 21:30:00
1649982600000,4166.723958333333,2022-04-15 00:30:00
1650166200000,1959.3489583333333,2022-04-17 03:30:00
1650349800000,4149.130208333333,2022-04-19 06:30:00
1650533400000,2617.15625,2022-04-21 09:30:00
1650717000000,7365.619791666667,2022-04-23 12:30:00
1650900600000,4122.505208333333,2022-04-25 15:30:00
1651084200000,5080.479166666667,2022-04-27 18:30:00
1651267800000,8153.510416666667,2022-04-29 21:30:00
1651451400000,1642.4479166666667,2022-05-02 00:30:00
1651644000000,2988.6458333333335,2022-05-04 06:00:00
1651827600000,19959.317708333332,2022-05-06 09:00:00
1652011200000,3561.3385416666665,2022-05-08 12:00:00
1652194800000,6357.0,2022-05-10 15:00:00
1652378400000,41350.510416666664,2022-05-12 18:00:00
1652562000000,48771.838541666664,2022-05-14 21:00:00
1652745600000,6646.197916666667,2022-05-17 00:00:00
1652929200000,3473.28125,2022-05-19 03:00:00
1653112800000,4662.578125,2022-05-21 06:00:00
1653296400000,4098.53125,2022-05-23 09:00:00
1653480000000,8926.78125,2022-05-25 12:00:00
1653663600000,4423.567708333333,2022-05-27 15:00:00
1653847200000,2215.8802083333335,2022-05-29 18:00:00
1654030800000,5648.119791666667,2022-05-31 21:00:00
1654214400000,9128.145833333334,2022-06-03 00:00:00
1654398000000,2350.921875,2022-06-05 03:00:00
1654581600000,3131.34375,2022-06-07 06:00:00
1654765200000,2548.7447916666665,2022-06-09 09:00:00
1654948800000,5311.197916666667,2022-06-11 12:00:00
1655132400000,9348.75,2022-06-13 15:00:00
1655316000000,5999.59375,2022-06-15 18:00:00
1655499600000,5599.802083333333,2022-06-17 21:00:00
1655683200000,1962.46875,2022-06-20 00:00:00
1655866800000,3807.21875,2022-06-22 03:00:00
1656050400000,2309.75,2022-06-24 06:00:00
1656234000000,6557.354166666667,2022-06-26 09:00:00
1656417600000,7849.432291666667,2022-06-28 12:00:00
1656601200000,2626.7864583333335,2022-06-30 15:00:00
1656784800000,4475.171875,2022-07-02 18:00:00
1656968400000,3292.96875,2022-07-04 21:00:00
1657152000000,10283.005208333334,2022-07-07 00:00:00
1657335600000,2946.1458333333335,2022-07-09 03:00:00
1657519200000,1713.921875,2022-07-11 06:00:00
1657702800000,2649.0729166666665,2022-07-13 09:00:00
1657886400000,6756.973958333333,2022-07-15 12:00:00
1658070000000,2995.3385416666665,2022-07-17 15:00:00
1658253600000,6747.921875,2022-07-19 18:00:00
1658437200000,5716.848958333333,2022-07-21 21:00:00
1658620800000,2126.4322916666665,2022-07-24 00:00:00
1658804400000,2744.7395833333335,2022-07-26 03:00:00
1658988000000,4217.817708333333,2022-07-28 06:00:00
1659171600000,4318.53125,2022-07-30 09:00:00
1659355200000,2306.3541666666665,2022-08-01 12:00:00
1659538800000,5067.317708333333,2022-08-03 15:00:00
1659722400000,6306.442708333333,2022-08-05 18:00:00
1659906000000,2053.6927083333335,2022-08-07 21:00:00
1660089600000,8986.666666666666,2022-08-10 00:00:00
1660275900000,5605.53125,2022-08-12 03:45:00
1660459500000,2277.2604166666665,2022-08-14 06:45:00
1660643100000,4992.239583333333,2022-08-16 09:45:00
1660826700000,8801.854166666666,2022-08-18 12:45:00
1661010300000,2170.3697916666665,2022-08-20 15:45:00
1661193900000,2760.21875,2022-08-22 18:45:00
1661377500000,2402.5729166666665,2022-08-24 21:45:00
1661561100000,2827.59375,2022-08-27 00:45:00
1661744700000,2514.9791666666665,2022-08-29 03:45:00
1661928300000,2764.7083333333335,2022-08-31 06:45:00
1662111900000,6362.088541666667,2022-09-02 09:45:00
1662295500000,1449.8697916666667,2022-09-04 12:45:00
1662479100000,2749.375,2022-09-06 15:45:00
1662662700000,4363.015625,2022-09-08 18:45:00
1662846300000,3163.03125,2022-09-10 21:45:00
1663029900000,3029.7447916666665,2022-09-13 00:45:00
1663213500000,4184.822916666667,2022-09-15 03:45:00
1663397100000,9916.645833333334,2022-09-17 06:45:00
1663580700000,1938.8385416666667,2022-09-19 09:45:00
1663764300000,3169.1145833333335,2022-09-21 12:45:00
1663947900000,6047.614583333333,2022-09-23 15:45:00
1664131500000,2808.0260416666665,2022-09-25 18:45:00
1664315100000,5969.109375,2022-09-27 21:45:00
1664498700000,4090.6822916666665,2022-09-30 00:45:00
1664682300000,1395.9322916666667,2022-10-02 03:45:00
1664865900000,3319.2135416666665,2022-10-04 06:45:00
1665049500000,2779.640625,2022-10-06 09:45:00
1665233100000,2035.75,2022-10-08 12:45:00
1665416700000,1904.0572916666667,2022-10-10 15:45:00
1665600300000,3391.75,2022-10-12 18:45:00
1665783900000,4137.942708333333,2022-10-14 21:45:00
1665967500000,2748.0572916666665,2022-10-17 00:45:00
1666151100000,7420.0625,2022-10-19 03:45:00
1666334700000,3289.7395833333335,2022-10-21 06:45:00
1666518300000,2421.3541666666665,2022-10-23 09:45:00
1666701900000,5132.817708333333,2022-10-25 12:45:00
1666885500000,4569.328125,2022-10-27 15:45:00
1667069100000,3057.3125,2022-10-29 18:45:00
1667252700000,2189.3645833333335,2022-10-31 21:45:00
1667436300000,9132.145833333334,2022-11-03 00:45:00
1667619900000,8525.9375,2022-11-05 03:45:00
1667803500000,2642.6770833333335,2022-11-07 06:45:00
1667987100000,4830.703125,2022-11-09 09:45:00
1668170700000,4018.65625,2022-11-11 12:45:00
1668354300000,2878.0729166666665,2022-11-13 15:45:00
1668537900000,15982.666666666666,2022-11-15 18:45:00
1668721500000,28826.989583333332,2022-11-17 21:45:00
1668905100000,16791.328125,2022-11-20 00:45:00
1669088700000,5677.526041666667,2022-11-22 03:45:00
1669272300000,7666.328125,2022-11-24 06:45:00
1669455900000,8902.119791666666,2022-11-26 09:45:00
1669639500000,2447.0885416666665,2022-11-28 12:45:00
1669823100000,5203.041666666667,2022-11-30 15:45:00
1670006700000,6701.661458333333,2022-12-02 18:45:00
1670190300000,2781.3385416666665,2022-12-04 21:45:00
1670373900000,6462.489583333333,2022-12-07 00:45:00
1670557500000,2237.4322916666665,2022-12-09 03:45:00
1670741100000,4025.265625,2022-12-11 06:45:00
1670924700000,3338.4635416666665,2022-12-13 09:45:00
1671108300000,5068.354166666667,2022-12-15 12:45:00
1671291900000,11814.302083333334,2022-12-17 15:45:00
1671475500000,3135.9322916666665,2022-12-19 18:45:00
1671659100000,2770.078125,2022-12-21 21:45:00
1671842700000,5256.46875,2022-12-24 00:45:00
1672026300000,2337.5729166666665,2022-12-26 03:45:00
1672209900000,6582.791666666667,2022-12-28 06:45:00
1672393500000,3971.8125,2022-12-30 09:45:00
1672577100000,1931.7552083333333,2023-01-01 12:45:00
1672760700000,3045.8697916666665,2023-01-03 15:45:00
1672944300000,3866.7135416666665,2023-01-05 18:45:00
1673127900000,2015.4791666666667,2023-01-07 21:45:00
1673311500000,5390.3125,2023-01-10 00:45:00
1673495100000,6190.869791666667,2023-01-12 03:45:00
1673678700000,3172.4114583333335,2023-01-14 06:45:00
1673862300000,1779.6614583333333,2023-01-16 09:45:00
1674045900000,5881.760416666667,2023-01-18 12:45:00
1674229500000,7803.729166666667,2023-01-20 15:45:00
1674413100000,3262.4010416666665,2023-01-22 18:45:00
1674596700000,5783.526041666667,2023-01-24 21:45:00
1674780300000,3237.2447916666665,2023-01-27 00:45:00
1674963900000,1786.578125,2023-01-29 03:45:00
1675147500000,7049.447916666667,2023-01-31 06:45:00
1675331100000,6673.291666666667,2023-02-02 09:45:00
1675514700000,11249.010416666666,2023-02-04 12:45:00
1675698300000,6618.119791666667,2023-02-06 15:45:00
1675881900000,15797.723958333334,2023-02-08 18:45:00
1676065500000,26820.713541666668,2023-02-10 21:45:00
1676249100000,17186.453125,2023-02-13 00:45:00
1676432700000,20681.333333333332,2023-02-15 03:45:00
1676616300000,9929.375,2023-02-17 06:45:00
1676799900000,5346.192708333333,2023-02-19 09:45:00
1676983500000,4983.614583333333,2023-02-21 12:45:00
1677167100000,4922.322916666667,2023-02-23 15:45:00
1677350700000,8326.536458333334,2023-02-25 18:45:00
1677534300000,11355.479166666666,2023-02-27 21:45:00
1677717900000,13382.369791666666,2023-03-02 00:45:00
1677901500000,22109.109375,2023-03-04 03:45:00
1678085100000,8247.052083333334,2023-03-06 06:45:00
1678268700000,11161.380208333334,2023-03-08 09:45:00
1678452300000,45673.916666666664,2023-03-10 12:45:00
1678635900000,10818.416666666666,2023-03-12 15:45:00
1678819500000,17230.135416666668,2023-03-14 18:45:00
1679003100000,19271.270833333332,2023-03-16 21:45:00
1679186700000,16033.880208333334,2023-03-19 00:45:00
1679370300000,18711.333333333332,2023-03-21 03:45:00
1679553900000,25683.244791666668,2023-03-23 06:45:00
1679737500000,35737.661458333336,2023-03-25 09:45:00
1679921100000,20844.010416666668,2023-03-27 12:45:00
1680104700000,15116.84375,2023-03-29 15:45:00
1680288300000,16437.036458333332,2023-03-31 18:45:00
1680471900000,14273.4375,2023-04-02 21:45:00
1680655500000,30499.46875,2023-04-05 00:45:00
1680839100000,22983.28125,2023-04-07 03:45:00
1681022700000,29459.6875,2023-04-09 06:45:00
1681206300000,21020.0,2023-04-11 09:45:00
1681389900000,11727.661458333334,2023-04-13 12:45:00
1681573500000,9656.723958333334,2023-04-15 15:45:00
1681757100000,7666.34375,2023-04-17 18:45:00
1681940700000,8770.296875,2023-04-19 21:45:00
1682124300000,29611.927083333332,2023-04-22 00:45:00
1682307900000,21566.09375,2023-04-24 03:45:00
1682491500000,49655.239583333336,2023-04-26 06:45:00
1682675100000,34858.364583333336,2023-04-28 09:45:00
1682858700000,57391.208333333336,2023-04-30 12:45:00
1683042300000,43744.526041666664,2023-05-02 15:45:00
1683225900000,38727.375,2023-05-04 18:45:00
1683409500000,57670.348958333336,2023-05-06 21:45:00
1683593100000,58241.291666666664,2023-05-09 00:45:00
1683776700000,72782.18229166667,2023-05-11 03:45:00
1683960300000,89010.79166666667,2023-05-13 06:45:00
1684143900000,57934.036458333336,2023-05-15 09:45:00
1684327500000,75863.36458333333,2023-05-17 12:45:00
1684511100000,100741.828125,2023-05-19 15:45:00
1684694700000,97432.41145833333,2023-05-21 18:45:00
1684878300000,127506.4375,2023-05-23 21:45:00
1685061900000,145935.4375,2023-05-26 00:45:00
1685245500000,114889.20833333333,2023-05-28 03:45:00
1685429100000,129492.375,2023-05-30 06:45:00
1685612700000,97376.68229166667,2023-06-01 09:45:00
1685796300000,121329.13020833333,2023-06-03 12:45:00
1685979900000,105138.02604166667,2023-06-05 15:45:00
1686163500000,157252.41145833334,2023-06-07 18:45:00
1686347100000,123844.0625,2023-06-09 21:45:00
1686530700000,96286.74479166667,2023-06-12 00:45:00
1686714300000,146681.171875,2023-06-14 03:45:00
1686897900000,184625.36458333334,2023-06-16 06:45:00
1687081500000,228069.58333333334,2023-06-18 09:45:00
1687265100000,165978.24479166666,2023-06-20 12:45:00
1687448700000,219196.5625,2023-06-22 15:45:00
1687632300000,202742.1875,2023-06-24 18:45:00
1687815900000,211645.19270833334,2023-06-26 21:45:00
1687999500000,199194.97916666666,2023-06-29 00:45:00
1688183100000,168954.88020833334,2023-07-01 03:45:00
1688366700000,103906.13541666667,2023-07-03 06:45:00
1688551200000,60955.75,2023-07-05 10:00:00
1688734800000,80475.29166666667,2023-07-07 13:00:00
1688918400000,72290.68229166667,2023-07-09 16:00:00
1689102000000,133408.96354166666,2023-07-11 19:00:00
1689286500000,156127.71875,2023-07-13 22:15:00
1689472800000,175789.09375,2023-07-16 02:00:00
1689656400000,173117.69791666666,2023-07-18 05:00:00
1689840000000,171829.94791666666,2023-07-20 08:00:00
1690023600000,196600.51041666666,2023-07-22 11:00:00
1690207200000,147873.13541666666,2023-07-24 14:00:00
1690390800000,157553.97916666666,2023-07-26 17:00:00
1690574400000,168075.72395833334,2023-07-28 20:00:00
1690758000000,200179.015625,2023-07-30 23:00:00
1690941600000,201840.109375,2023-08-02 02:00:00
1691125200000,173977.875,2023-08-04 05:00:00
1691308800000,172952.75,2023-08-06 08:00:00
1691492400000,246972.40104166666,2023-08-08 11:00:00
1691676000000,261944.09375,2023-08-10 14:00:00
1691859600000,314987.0260416667,2023-08-12 17:00:00
1692043200000,262886.3541666667,2023-08-14 20:00:00
1692226800000,263256.5364583333,2023-08-16 23:00:00
1692412200000,267718.0,2023-08-19 02:30:00
1692595800000,185737.55729166666,2023-08-21 05:30:00
1692779400000,216543.15104166666,2023-08-23 08:30:00
1692963000000,260529.0,2023-08-25 11:30:00
1693146600000,161281.9375,2023-08-27 14:30:00
1693332000000,236200.19791666666,2023-08-29 18:00:00
1693515600000,122561.015625,2023-08-31 21:00:00
1693699200000,218743.56770833334,2023-09-03 00:00:00
1693882800000,201556.71354166666,2023-09-05 03:00:00
1694066400000,270416.4947916667,2023-09-07 06:00:00
1694250000000,245176.28125,2023-09-09 09:00:00
1694433600000,264517.15625,2023-09-11 12:00:00
1694617200000,259475.44270833334,2023-09-13 15:00:00
1694800800000,250574.83854166666,2023-09-15 18:00:00
1694984400000,263128.0989583333,2023-09-17 21:00:00
1695168000000,164126.15625,2023-09-20 00:00:00
1695351600000,170999.109375,2023-09-22 03:00:00
1695535200000,177864.59895833334,2023-09-24 06:00:00
1695718800000,172439.45833333334,2023-09-26 09:00:00
1695902400000,194099.52604166666,2023-09-28 12:00:00
1696086000000,131021.78125,2023-09-30 15:00:00
1696269600000,52220.609375,2023-10-02 18:00:00
1696453200000,31632.421875,2023-10-04 21:00:00
1696636800000,32098.552083333332,2023-10-07 00:00:00
1696820400000,27818.239583333332,2023-10-09 03:00:00
1697004000000,22897.338541666668,2023-10-11 06:00:00
1697187600000,22874.484375,2023-10-13 09:00:00
1697371200000,17451.338541666668,2023-10-15 12:00:00
1697554800000,19950.098958333332,2023-10-17 15:00:00
1697738400000,15470.026041666666,2023-10-19 18:00:00
1697922000000,16941.130208333332,2023-10-21 21:00:00
1698105600000,16235.020833333334,2023-10-24 00:00:00
1698289200000,42888.0625,2023-10-26 03:00:00
1698472800000,34937.505208333336,2023-10-28 06:00:00
1698656400000,26135.802083333332,2023-10-30 09:00:00
1698840000000,27589.229166666668,2023-11-01 12:00:00
1699023600000,76403.296875,2023-11-03 15:00:00
1699208100000,172448.86458333334,2023-11-05 18:15:00
1699391700000,134587.53645833334,2023-11-07 21:15:00
1699578000000,190590.19270833334,2023-11-10 01:00:00
1699761600000,146309.77604166666,2023-11-12 04:00:00
1699947000000,195652.22395833334,2023-11-14 07:30:00
1700130600000,177465.66666666666,2023-11-16 10:30:00
1700314200000,169344.30729166666,2023-11-18 13:30:00
1700497800000,176303.83854166666,2023-11-20 16:30:00
1700681400000,187909.78645833334,2023-11-22 19:30:00
1700865000000,173950.90104166666,2023-11-24 22:30:00
1701048600000,183075.24479166666,2023-11-27 01:30:00
1701233100000,170893.08333333334,2023-11-29 04:45:00
1701416700000,145936.68229166666,2023-12-01 07:45:00
1701600300000,162308.34895833334,2023-12-03 10:45:00
1701783900000,187157.046875,2023-12-05 13:45:00
1701967500000,171357.6875,2023-12-07 16:45:00
1702151100000,142322.00520833334,2023-12-09 19:45:00
1702334700000,149427.73958333334,2023-12-11 22:45:00
1702518300000,191547.78125,2023-12-14 01:45:00
1702701900000,171545.34895833334,2023-12-16 04:45:00
1702885500000,146878.59895833334,2023-12-18 07:45:00
1703069100000,153335.96875,2023-12-20 10:45:00
1703252700000,194154.25,2023-12-22 13:45:00
1703436300000,149617.625,2023-12-24 16:45:00
1703623500000,159816.484375,2023-12-26 20:45:00
1703807100000,68185.52083333333,2023-12-28 23:45:00
1703993400000,154925.32291666666,2023-12-31 03:30:00
1704177000000,94225.07291666667,2024-01-02 06:30:00
1704360600000,70095.03125,2024-01-04 09:30:00
1704544200000,73636.17708333333,2024-01-06 12:30:00
1704727800000,80405.99479166667,2024-01-08 15:30:00
1704911400000,83203.734375,2024-01-10 18:30:00
1705095000000,98131.94270833333,2024-01-12 21:30:00
1705278600000,190936.984375,2024-01-15 00:30:00
1705462200000,138584.72395833334,2024-01-17 03:30:00
1705645800000,156386.17708333334,2024-01-19 06:30:00
1705829400000,154486.16145833334,2024-01-21 09:30:00
1706013000000,141208.796875,2024-01-23 12:30:00
1706196600000,67809.34375,2024-01-25 15:30:00
1706380200000,73443.484375,2024-01-27 18:30:00
1706563800000,113840.55729166667,2024-01-29 21:30:00
1706747400000,97031.92708333333,2024-02-01 00:30:00
1706931000000,85398.64583333333,2024-02-03 03:30:00
1707114600000,92567.44791666667,2024-02-05 06:30:00
1707298200000,99448.36458333333,2024-02-07 09:30:00
1707481800000,138993.15104166666,2024-02-09 12:30:00
1707665400000,111705.34375,2024-02-11 15:30:00
1707849000000,128446.54166666667,2024-02-13 18:30:00
1708032600000,133038.34375,2024-02-15 21:30:00
1708216200000,133294.94791666666,2024-02-18 00:30:00
1708399800000,134937.49479166666,2024-02-20 03:30:00
1708583400000,140018.94270833334,2024-02-22 06:30:00
1708767000000,132013.83854166666,2024-02-24 09:30:00
1708950600000,99908.33854166667,2024-02-26 12:30:00
1709134200000,115876.5,2024-02-28 15:30:00
1709317800000,123680.125,2024-03-01 18:30:00
1709501400000,123139.20833333333,2024-03-03 21:30:00
1709685000000,140654.8125,2024-03-06 00:30:00
1709868600000,122895.578125,2024-03-08 03:30:00
1710052200000,123644.13541666667,2024-03-10 06:30:00
1710235800000,110611.66145833333,2024-03-12 09:30:00
1710419400000,78963.86458333333,2024-03-14 12:30:00
1710603000000,86810.33854166667,2024-03-16 15:30:00
1710786600000,84458.61979166667,2024-03-18 18:30:00
1710970200000,71416.359375,2024-03-20 21:30:00
1711153800000,70535.875,2024-03-23 00:30:00
1711337400000,60964.296875,2024-03-25 03:30:00
1711521000000,59124.817708333336,2024-03-27 06:30:00
1711704600000,60154.583333333336,2024-03-29 09:30:00
1711888200000,61236.729166666664,2024-03-31 12:30:00
1712071800000,60913.541666666664,2024-04-02 15:30:00
1712255400000,70853.72395833333,2024-04-04 18:30:00
1712439000000,68508.20833333333,2024-04-06 21:30:00
1712622600000,82979.72395833333,2024-04-09 00:30:00
1712806200000,110586.69791666667,2024-04-11 03:30:00
1712990700000,142052.19270833334,2024-04-13 06:45:00
1713174300000,118463.171875,2024-04-15 09:45:00
1713357900000,119837.56770833333,2024-04-17 12:45:00
1713541500000,128124.51041666667,2024-04-19 15:45:00
1713741300000,144631.734375,2024-04-21 23:15:00
1713928500000,102451.02604166667,2024-04-24 03:15:00
1714112100000,69715.61458333333,2024-04-26 06:15:00
1714295700000,80518.46354166667,2024-04-28 09:15:00
1714479300000,76321.234375,2024-04-30 12:15:00
1714662900000,96740.48958333333,2024-05-02 15:15:00
1714846500000,108689.10416666667,2024-05-04 18:15:00
1715030100000,116745.390625,2024-05-06 21:15:00
1715213700000,119346.65625,2024-05-09 00:15:00
1715397300000,145949.54166666666,2024-05-11 03:15:00
1715580900000,111330.515625,2024-05-13 06:15:00
1715764500000,137878.78645833334,2024-05-15 09:15:00
1715949000000,158464.66145833334,2024-05-17 12:30:00
1716132600000,149848.58333333334,2024-05-19 15:30:00
1716316200000,176231.70833333334,2024-05-21 18:30:00
1716499800000,163975.546875,2024-05-23 21:30:00
1716683400000,180168.84895833334,2024-05-26 00:30:00
1716867000000,164125.6875,2024-05-28 03:30:00
1717076700000,191700.61979166666,2024-05-30 13:45:00
1717260300000,36418.473958333336,2024-06-01 16:45:00
1717443900000,80811.390625,2024-06-03 19:45:00
1717627500000,189834.421875,2024-06-05 22:45:00
1717812900000,204361.30729166666,2024-06-08 02:15:00
1717996500000,195901.01041666666,2024-06-10 05:15:00
1718180100000,200461.54166666666,2024-06-12 08:15:00
1718370900000,64310.171875,2024-06-14 13:15:00
1718554500000,88624.63541666667,2024-06-16 16:15:00
1718738100000,142120.375,2024-06-18 19:15:00
1718922600000,159657.48958333334,2024-06-20 22:30:00
1719106200000,172836.359375,2024-06-23 01:30:00
1719290700000,151146.16145833334,2024-06-25 04:45:00
1719474300000,187102.94791666666,2024-06-27 07:45:00
1719658800000,188226.52604166666,2024-06-29 11:00:00
1719842400000,149040.53125,2024-07-01 14:00:00
1720026000000,123591.97395833333,2024-07-03 17:00:00
1720209600000,140137.33333333334,2024-07-05 20:00:00
1720393200000,140201.49479166666,2024-07-07 23:00:00
1720576800000,48835.921875,2024-07-10 02:00:00
1720760400000,113759.0,2024-07-12 05:00:00
1720944000000,126095.75,2024-07-14 08:00:00
1721127600000,94185.41666666667,2024-07-16 11:00:00
1721311200000,116148.39583333333,2024-07-18 14:00:00
1721494800000,108857.85416666667,2024-07-20 17:00:00
1721678400000,163595.390625,2024-07-22 20:00:00
1721862000000,162629.47916666666,2024-07-24 23:00:00
1722045600000,136118.64583333334,2024-07-27 02:00:00
1722229200000,143839.98958333334,2024-07-29 05:00:00
1722412800000,128968.0,2024-07-31 08:00:00
1722596400000,102242.140625,2024-08-02 11:00:00
1722780000000,161531.578125,2024-08-04 14:00:00
1722963600000,200544.296875,2024-08-06 17:00:00
1723147200000,75753.625,2024-08-08 20:00:00
1723330800000,45273.265625,2024-08-10 23:00:00
1723514400000,64849.458333333336,2024-08-13 02:00:00
1723698000000,122207.29166666667,2024-08-15 05:00:00
1723881600000,126154.63020833333,2024-08-17 08:00:00
1724065200000,173825.04166666666,2024-08-19 11:00:00
1724248800000,193447.79166666666,2024-08-21 14:00:00
1724432400000,181518.05208333334,2024-08-23 17:00:00
1724616000000,193013.30208333334,2024-08-25 20:00:00
1724799600000,164331.41145833334,2024-08-27 23:00:00
1724983200000,128619.265625,2024-08-30 02:00:00
1725166800000,113360.421875,2024-09-01 05:00:00
1725350400000,135873.234375,2024-09-03 08:00:00
1725534000000,152754.09375,2024-09-05 11:00:00
1725717600000,153254.43229166666,2024-09-07 14:00:00
1725901200000,187465.35416666666,2024-09-09 17:00:00
1726084800000,194198.58854166666,2024-09-11 20:00:00
1726268400000,203408.03125,2024-09-13 23:00:00
1726452000000,175677.90625,2024-09-16 02:00:00
1726635600000,159451.54166666666,2024-09-18 05:00:00
1726819200000,170184.54166666666,2024-09-20 08:00:00
1727002800000,133768.43229166666,2024-09-22 11:00:00
1727186400000,117246.90104166667,2024-09-24 14:00:00
1727370000000,102976.81770833333,2024-09-26 17:00:00
1727553600000,133692.609375,2024-09-28 20:00:00
1727737200000,130204.64583333333,2024-09-30 23:00:00
1727920800000,142416.953125,2024-10-03 02:00:00
1728104400000,137159.86458333334,2024-10-05 05:00:00
1728288000000,155151.984375,2024-10-07 08:00:00
1728471600000,168842.859375,2024-10-09 11:00:00
1728655200000,203401.80729166666,2024-10-11 14:00:00
1728838800000,213357.02604166666,2024-10-13 17:00:00
1729022400000,169362.68229166666,2024-10-15 20:00:00
1729206000000,174296.35416666666,2024-10-17 23:00:00
1729389600000,154463.1875,2024-10-20 02:00:00
1729573200000,130088.83854166667,2024-10-22 05:00:00
1729756800000,110434.6875,2024-10-24 08:00:00
1729940400000,101503.95833333333,2024-10-26 11:00:00
1730124000000,85637.83333333333,2024-10-28 14:00:00
1730307600000,123499.15104166667,2024-10-30 17:00:00
1730493900000,119038.265625,2024-11-01 20:45:00
1730677500000,114329.97395833333,2024-11-03 23:45:00
1730861100000,107174.22395833333,2024-11-06 02:45:00
1731044700000,110971.38541666667,2024-11-08 05:45:00
1731228300000,138005.28125,2024-11-10 08:45:00
1731411900000,144785.89583333334,2024-11-12 11:45:00
1731595500000,185231.515625,2024-11-14 14:45:00
1731779100000,173126.15104166666,2024-11-16 17:45:00
1731962700000,180544.15104166666,2024-11-18 20:45:00
1732146300000,185767.36458333334,2024-11-20 23:45:00
1732329900000,155676.14583333334,2024-11-23 02:45:00
1732513500000,130009.73958333333,2024-11-25 05:45:00
1732697100000,126283.296875,2024-11-27 08:45:00
1732880700000,117150.65104166667,2024-11-29 11:45:00
1733064300000,101539.28125,2024-12-01 14:45:00
1733247900000,133887.53645833334,2024-12-03 17:45:00
1733431500000,135658.125,2024-12-05 20:45:00
1733615100000,145720.30729166666,2024-12-07 23:45:00
1733798700000,140182.96354166666,2024-12-10 02:45:00
1733982300000,139158.51041666666,2024-12-12 05:45:00
1734165900000,138107.01041666666,2024-12-14 08:45:00
1734349500000,125904.82291666667,2024-12-16 11:45:00
1734533100000,131854.36979166666,2024-12-18 14:45:00
1734716700000,144615.76041666666,2024-12-20 17:45:00
1734900300000,131457.48958333334,2024-12-22 20:45:00
1735083900000,120404.99479166667,2024-12-24 23:45:00
1735267500000,98245.30208333333,2024-12-27 02:45:00
1735451100000,136064.17708333334,2024-12-29 05:45:00
1735634700000,152000.10416666666,2024-12-31 08:45:00
1735818300000,157591.51041666666,2025-01-02 11:45:00
1736001900000,156689.0625,2025-01-04 14:45:00
1736185500000,152421.15104166666,2025-01-06 17:45:00
1736369100000,164343.77604166666,2025-01-08 20:45:00
1736552700000,173281.28125,2025-01-10 23:45:00
1736736300000,145953.859375,2025-01-13 02:45:00
1736919900000,122436.9375,2025-01-15 05:45:00
1737103500000,128194.70833333333,2025-01-17 08:45:00
1737287100000,114951.99479166667,2025-01-19 11:45:00
1737470700000,120773.42708333333,2025-01-21 14:45:00
1737654300000,106519.15625,2025-01-23 17:45:00
1737837900000,103788.109375,2025-01-25 20:45:00
1738021500000,64214.958333333336,2025-01-27 23:45:00
1738205100000,57096.5,2025-01-30 02:45:00
1738388700000,13417.59375,2025-02-01 05:45:00
1738572300000,5908.09375,2025-02-03 08:45:00
1738755900000,7346.125,2025-02-05 11:45:00
1738939500000,14021.854166666666,2025-02-07 14:45:00
1739123100000,6156.75,2025-02-09 17:45:00
1739306700000,8163.916666666667,2025-02-11 20:45:00
1739490300000,10111.895833333334,2025-02-13 23:45:00
1739673900000,2747.75,2025-02-16 02:45:00
1739857500000,6521.114583333333,2025-02-18 05:45:00
1740041100000,33921.161458333336,2025-02-20 08:45:00
1740224700000,73987.64583333333,2025-02-22 11:45:00
1740408300000,122246.453125,2025-02-24 14:45:00
1740591900000,98404.625,2025-02-26 17:45:00
1740775500000,22342.973958333332,2025-02-28 20:45:00
