date,mempool_transaction_count
2016-06-15,17325.729166666668
2016-06-16,13925.3671875
2016-06-17,10525.005208333334
2016-06-18,6564.291666666667
2016-06-19,2603.578125
2016-06-20,3236.78125
2016-06-21,3869.984375
2016-06-22,4503.1875
2016-06-23,5105.6328125
2016-06-24,5708.078125
2016-06-25,4078.40625
2016-06-26,2448.734375
2016-06-27,2702.0078125
2016-06-28,2955.28125
2016-06-29,3415.924479166667
2016-06-30,3876.5677083333335
2016-07-01,3200.40625
2016-07-02,2524.2447916666665
2016-07-03,2692.017361111111
2016-07-04,2859.7899305555557
2016-07-05,3027.5625
2016-07-06,3099.260416666667
2016-07-07,3170.9583333333335
2016-07-08,3457.5703125
2016-07-09,3744.1822916666665
2016-07-10,3304.1197916666665
2016-07-11,2864.0572916666665
2016-07-12,4042.2578125
2016-07-13,5220.458333333333
2016-07-14,4773.684895833333
2016-07-15,4326.911458333333
2016-07-16,3853.8819444444443
2016-07-17,3380.852430555555
2016-07-18,2907.8229166666665
2016-07-19,3979.3984375
2016-07-20,5050.973958333333
2016-07-21,4568.8125
2016-07-22,4086.6510416666665
2016-07-23,3814.356770833333
2016-07-24,3542.0625
2016-07-25,4833.317708333334
2016-07-26,6124.572916666667
2016-07-27,5857.729166666667
2016-07-28,5590.885416666667
2016-07-29,6023.208333333334
2016-07-30,6455.53125
2016-07-31,6887.854166666667
2016-08-01,5492.1796875
2016-08-02,4096.505208333333
2016-08-03,3928.513020833333
2016-08-04,3760.5208333333335
2016-08-05,3289.890625
2016-08-06,2819.2604166666665
2016-08-07,4183.338541666667
2016-08-08,5547.416666666667
2016-08-09,5022.239583333334
2016-08-10,4497.0625
2016-08-11,4400.751736111111
2016-08-12,4304.440972222222
2016-08-13,4208.130208333333
2016-08-14,3446.046875
2016-08-15,2683.9635416666665
2016-08-16,4206.4453125
2016-08-17,5728.927083333333
2016-08-18,5135.924479166666
2016-08-19,4542.921875
2016-08-20,3255.140625
2016-08-21,1967.359375
2016-08-22,3017.606770833333
2016-08-23,4067.8541666666665
2016-08-24,4659.157986111111
2016-08-25,5250.461805555556
2016-08-26,5841.765625
2016-08-27,4705.458333333333
2016-08-28,3569.1510416666665
2016-08-29,3898.041666666667
2016-08-30,4226.932291666667
2016-08-31,4005.703125
2016-09-01,3784.4739583333335
2016-09-02,3962.294270833333
2016-09-03,4140.114583333333
2016-09-04,4626.53125
2016-09-05,5112.947916666667
2016-09-06,4611.434027777778
2016-09-07,4109.920138888889
2016-09-08,3608.40625
2016-09-09,3903.8046875
2016-09-10,4199.203125
2016-09-11,3426.669270833333
2016-09-12,2654.1354166666665
2016-09-13,3223.778645833333
2016-09-14,3793.421875
2016-09-15,4310.0
2016-09-16,4826.578125
2016-09-17,4015.609375
2016-09-18,3204.640625
2016-09-19,3482.1076388888887
2016-09-20,3759.574652777778
2016-09-21,4037.0416666666665
2016-09-22,4055.536458333333
2016-09-23,4074.03125
2016-09-24,3282.630208333333
2016-09-25,2491.2291666666665
2016-09-26,3005.640625
2016-09-27,3520.0520833333335
2016-09-28,3798.111979166667
2016-09-29,4076.171875
2016-09-30,3624.34375
2016-10-01,3172.515625
2016-10-02,3802.4270833333335
2016-10-03,4432.338541666667
2016-10-04,5062.25
2016-10-05,5478.53125
2016-10-06,5894.8125
2016-10-07,5079.088541666666
2016-10-08,4263.364583333333
2016-10-09,4134.846354166666
2016-10-10,4006.328125
2016-10-11,5404.919270833334
2016-10-12,6803.510416666667
2016-10-13,6278.080729166667
2016-10-14,5752.651041666667
2016-10-15,5011.229166666667
2016-10-16,4269.807291666667
2016-10-17,3528.3854166666665
2016-10-18,4808.393229166667
2016-10-19,6088.401041666667
2016-10-20,6578.9296875
2016-10-21,7069.458333333333
2016-10-22,5325.393229166666
2016-10-23,3581.328125
2016-10-24,7840.424479166667
2016-10-25,12099.520833333334
2016-10-26,21345.096354166664
2016-10-27,30590.671875
2016-10-28,21803.5
2016-10-29,13016.328125
2016-10-30,4229.15625
2016-10-31,4672.114583333334
2016-11-01,5115.072916666667
2016-11-02,4648.736979166667
2016-11-03,4182.401041666667
2016-11-04,5967.229166666667
2016-11-05,7752.057291666667
2016-11-06,7444.065104166667
2016-11-07,7136.072916666667
2016-11-08,6530.731770833334
2016-11-09,5925.390625
2016-11-10,5160.621527777777
2016-11-11,4395.852430555556
2016-11-12,3631.0833333333335
2016-11-13,3993.7421875
2016-11-14,4356.401041666667
2016-11-15,4258.307291666667
2016-11-16,4160.213541666667
2016-11-17,5448.942708333334
2016-11-18,6737.671875
2016-11-19,6556.59375
2016-11-20,6375.515625
2016-11-21,20817.653645833332
2016-11-22,35259.791666666664
2016-11-23,38451.12673611111
2016-11-24,41642.461805555555
2016-11-25,44833.796875
2016-11-26,25775.270833333332
2016-11-27,6716.744791666667
2016-11-28,7545.940104166666
2016-11-29,8375.135416666666
2016-11-30,8443.59375
2016-12-01,8512.052083333334
2016-12-02,11782.903645833334
2016-12-03,15053.755208333334
2016-12-04,11944.9296875
2016-12-05,8836.104166666666
2016-12-06,7937.998263888889
2016-12-07,7039.89236111111
2016-12-08,6141.786458333333
2016-12-09,7228.078125
2016-12-10,8314.369791666666
2016-12-11,6103.848958333333
2016-12-12,3893.328125
2016-12-13,5517.9453125
2016-12-14,7142.5625
2016-12-15,9827.1796875
2016-12-16,12511.796875
2016-12-17,9633.286458333334
2016-12-18,6754.776041666667
2016-12-19,7408.20138888889
2016-12-20,8061.626736111111
2016-12-21,8715.052083333334
2016-12-22,7523.8125
2016-12-23,6332.572916666667
2016-12-24,6030.026041666667
2016-12-25,5727.479166666667
2016-12-26,6391.010416666667
2016-12-27,7054.541666666667
2016-12-28,7574.450520833334
2016-12-29,8094.359375
2016-12-30,6414.841145833334
2016-12-31,4735.322916666667
2017-01-01,6106.291666666667
2017-01-02,7477.260416666666
2017-01-03,8848.229166666666
2017-01-04,9481.744791666666
2017-01-05,10115.260416666666
2017-01-06,12313.294270833332
2017-01-07,14511.328125
2017-01-08,9849.049479166666
2017-01-09,5186.770833333333
2017-01-10,6314.479166666666
2017-01-11,7442.1875
2017-01-12,6678.158854166666
2017-01-13,5914.130208333333
2017-01-14,4851.053819444444
2017-01-15,3787.977430555555
2017-01-16,2724.9010416666665
2017-01-17,4927.184895833334
2017-01-18,7129.46875
2017-01-19,5531.388020833333
2017-01-20,3933.3072916666665
2017-01-21,3296.125
2017-01-22,2658.9427083333335
2017-01-23,26769.968749999996
2017-01-24,50880.994791666664
2017-01-25,30850.630208333332
2017-01-26,10820.265625
2017-01-27,10096.682291666666
2017-01-28,9373.098958333334
2017-01-29,8649.515625
2017-01-30,14030.359375
2017-01-31,19411.203125
2017-02-01,16317.3125
2017-02-02,13223.421875
2017-02-03,23876.28125
2017-02-04,34529.140625
2017-02-05,26261.934895833336
2017-02-06,17994.729166666668
2017-02-07,29846.8515625
2017-02-08,41698.973958333336
2017-02-09,32409.45138888889
2017-02-10,23119.928819444445
2017-02-11,13830.40625
2017-02-12,9750.619791666666
2017-02-13,5670.833333333333
2017-02-14,8333.7421875
2017-02-15,10996.651041666666
2017-02-16,20661.6796875
2017-02-17,30326.708333333332
2017-02-18,20431.0703125
2017-02-19,10535.432291666666
2017-02-20,29905.197916666664
2017-02-21,49274.963541666664
2017-02-22,63244.666666666664
2017-02-23,77214.36979166667
2017-02-24,91184.07291666667
2017-02-25,58719.341145833336
2017-02-26,26254.609375
2017-02-27,29993.395833333332
2017-02-28,33732.182291666664
2017-03-01,44943.25
2017-03-02,56154.317708333336
2017-03-03,58112.731770833336
2017-03-04,60071.145833333336
2017-03-05,54172.8671875
2017-03-06,48274.588541666664
2017-03-07,48321.635416666664
2017-03-08,48368.682291666664
2017-03-09,48415.729166666664
2017-03-10,39490.90364583333
2017-03-11,30566.078125
2017-03-12,22460.5703125
2017-03-13,14355.0625
2017-03-14,17897.557291666664
2017-03-15,21440.052083333332
2017-03-16,19851.809895833332
2017-03-17,18263.567708333332
2017-03-18,12944.395833333332
2017-03-19,7625.223958333333
2017-03-20,9520.083333333334
2017-03-21,11414.942708333334
2017-03-22,13309.802083333334
2017-03-23,10947.018229166668
2017-03-24,8584.234375
2017-03-25,5848.7265625
2017-03-26,3113.21875
2017-03-27,12042.192708333334
2017-03-28,20971.166666666668
2017-03-29,15200.6015625
2017-03-30,9430.036458333334
2017-03-31,11286.682291666668
2017-04-01,13143.328125
2017-04-02,11416.855902777777
2017-04-03,9690.383680555555
2017-04-04,7963.911458333333
2017-04-05,10519.434895833334
2017-04-06,13074.958333333334
2017-04-07,10460.4140625
2017-04-08,7845.869791666667
2017-04-09,5727.565104166667
2017-04-10,3609.2604166666665
2017-04-11,8381.442708333334
2017-04-12,13153.625
2017-04-13,33583.36197916667
2017-04-14,54013.098958333336
2017-04-15,37314.43923611111
2017-04-16,20615.77951388889
2017-04-17,3917.1197916666665
2017-04-18,12274.359374999998
2017-04-19,20631.598958333332
2017-04-20,23852.200520833332
2017-04-21,27072.802083333332
2017-04-22,16425.393229166664
2017-04-23,5777.984375
2017-04-24,27567.541666666668
2017-04-25,49357.098958333336
2017-04-26,44208.270833333336
2017-04-27,39059.442708333336
2017-04-28,33752.296875
2017-04-29,28445.151041666664
2017-04-30,23138.005208333332
2017-05-01,20493.424479166664
2017-05-02,17848.84375
2017-05-03,38345.296875
2017-05-04,58841.75
2017-05-05,82826.29427083334
2017-05-06,106810.83854166667
2017-05-07,72041.484375
2017-05-08,37272.130208333336
2017-05-09,67710.91666666667
2017-05-10,98149.703125
2017-05-11,116327.90625
2017-05-12,134506.109375
2017-05-13,152684.3125
2017-05-14,118118.68229166666
2017-05-15,83553.05208333333
2017-05-16,118833.21354166666
2017-05-17,154113.375
2017-05-18,162273.6223958333
2017-05-19,170433.86979166666
2017-05-20,158057.71354166666
2017-05-21,145681.55729166666
2017-05-22,143429.7395833333
2017-05-23,141177.921875
2017-05-24,143852.87152777778
2017-05-25,146527.82118055556
2017-05-26,149202.77083333334
2017-05-27,137128.0104166667
2017-05-28,125053.25
2017-05-29,102518.61197916666
2017-05-30,79983.97395833333
2017-05-31,81391.9140625
2017-06-01,82799.85416666667
2017-06-02,77050.85416666667
2017-06-03,71301.85416666667
2017-06-04,59856.8671875
2017-06-05,48411.880208333336
2017-06-06,51347.289930555555
2017-06-07,54282.69965277778
2017-06-08,57218.109375
2017-06-09,46619.06510416667
2017-06-10,36020.020833333336
2017-06-11,29900.192708333336
2017-06-12,23780.364583333332
2017-06-13,37081.375
2017-06-14,50382.385416666664
2017-06-15,39720.690104166664
2017-06-16,29058.994791666668
2017-06-17,22818.5703125
2017-06-18,16578.145833333332
2017-06-19,16590.496527777777
2017-06-20,16602.847222222223
2017-06-21,16615.197916666668
2017-06-22,19171.877604166668
2017-06-23,21728.557291666668
2017-06-24,14276.986979166668
2017-06-25,6825.416666666667
2017-06-26,8466.9296875
2017-06-27,10108.442708333334
2017-06-28,13293.294270833332
2017-06-29,16478.145833333332
2017-06-30,10772.265625
2017-07-01,5066.385416666667
2017-07-02,4523.885416666667
2017-07-03,3981.385416666667
2017-07-04,3438.8854166666665
2017-07-05,4551.700520833333
2017-07-06,5664.515625
2017-07-07,5834.6171875
2017-07-08,6004.71875
2017-07-09,4696.125
2017-07-10,3387.53125
2017-07-11,4333.390625
2017-07-12,5279.25
2017-07-13,8331.416666666668
2017-07-14,11383.583333333334
2017-07-15,10274.604166666668
2017-07-16,9165.625
2017-07-17,8056.645833333333
2017-07-18,11077.6953125
2017-07-19,14098.744791666666
2017-07-20,17786.661458333332
2017-07-21,21474.578125
2017-07-22,12117.723958333334
2017-07-23,2760.8697916666665
2017-07-24,3950.763020833333
2017-07-25,5140.65625
2017-07-26,4510.776041666667
2017-07-27,3880.8958333333335
2017-07-28,3504.765625
2017-07-29,3128.635416666667
2017-07-30,2752.5052083333335
2017-07-31,3639.611979166667
2017-08-01,4526.71875
2017-08-02,4507.0078125
2017-08-03,4487.296875
2017-08-04,4471.770833333334
2017-08-05,4456.244791666667
2017-08-06,5122.2265625
2017-08-07,5788.208333333333
2017-08-08,12539.71875
2017-08-09,19291.229166666668
2017-08-10,21211.784722222223
2017-08-11,23132.340277777777
2017-08-12,25052.895833333332
2017-08-13,17124.799479166664
2017-08-14,9196.703125
2017-08-15,23940.25
2017-08-16,38683.796875
2017-08-17,31739.971354166664
2017-08-18,24796.145833333332
2017-08-19,19029.182291666664
2017-08-20,13262.21875
2017-08-21,39100.99479166667
2017-08-22,64939.770833333336
2017-08-23,61341.04861111111
2017-08-24,57742.32638888889
2017-08-25,54143.604166666664
2017-08-26,61120.06770833333
2017-08-27,68096.53125
2017-08-28,45927.466145833336
2017-08-29,23758.401041666668
2017-08-30,16916.947916666668
2017-08-31,10075.494791666666
2017-09-01,8040.234375
2017-09-02,6004.973958333333
2017-09-03,5477.080729166666
2017-09-04,4949.1875
2017-09-05,5191.432291666667
2017-09-06,5433.677083333333
2017-09-07,5675.921875
2017-09-08,5188.096354166666
2017-09-09,4700.270833333333
2017-09-10,5030.5546875
2017-09-11,5360.838541666667
2017-09-12,4320.815104166667
2017-09-13,3280.7916666666665
2017-09-14,6457.166666666666
2017-09-15,9633.541666666666
2017-09-16,6273.65625
2017-09-17,2913.7708333333335
2017-09-18,4949.647569444444
2017-09-19,6985.524305555555
2017-09-20,9021.401041666666
2017-09-21,6111.432291666666
2017-09-22,3201.4635416666665
2017-09-23,3087.364583333333
2017-09-24,2973.265625
2017-09-25,8295.432291666668
2017-09-26,13617.598958333334
2017-09-27,9514.424479166668
2017-09-28,5411.25
2017-09-29,7986.807291666667
2017-09-30,10562.364583333334
2017-10-01,11421.692708333334
2017-10-02,12281.020833333334
2017-10-03,13140.348958333334
2017-10-04,15315.223958333332
2017-10-05,17490.098958333332
2017-10-06,11340.984375
2017-10-07,5191.869791666667
2017-10-08,5183.3125
2017-10-09,5174.755208333333
2017-10-10,10953.981770833332
2017-10-11,16733.208333333332
2017-10-12,38318.8515625
2017-10-13,59904.494791666664
2017-10-14,41582.68576388889
2017-10-15,23260.87673611111
2017-10-16,4939.067708333333
2017-10-17,7992.9453125
2017-10-18,11046.822916666666
2017-10-19,13783.442708333332
2017-10-20,16520.0625
2017-10-21,17425.895833333336
2017-10-22,18331.729166666668
2017-10-23,22921.458333333336
2017-10-24,27511.1875
2017-10-25,15956.4765625
2017-10-26,4401.765625
2017-10-27,25348.144097222223
2017-10-28,46294.522569444445
2017-10-29,67240.90104166667
2017-10-30,43245.9765625
2017-10-31,19251.052083333332
2017-11-01,22546.747395833332
2017-11-02,25842.442708333332
2017-11-03,42332.00520833333
2017-11-04,58821.567708333336
2017-11-05,41267.17447916667
2017-11-06,23712.78125
2017-11-07,24403.231770833336
2017-11-08,25093.682291666668
2017-11-09,37898.76736111111
2017-11-10,50703.852430555555
2017-11-11,63508.9375
2017-11-12,104840.03385416667
2017-11-13,146171.13020833334
2017-11-14,116980.078125
2017-11-15,87789.02604166667
2017-11-16,69088.46354166667
2017-11-17,50387.901041666664
2017-11-18,38928.471354166664
2017-11-19,27469.041666666668
2017-11-20,27914.528645833336
2017-11-21,28360.015625
2017-11-22,29045.79861111111
2017-11-23,29731.581597222223
2017-11-24,30417.364583333332
2017-11-25,26607.984375
2017-11-26,22798.604166666668
2017-11-27,31590.302083333336
2017-11-28,40382.0
2017-11-29,57301.252604166664
2017-11-30,74220.50520833333
2017-12-01,58282.3828125
2017-12-02,42344.260416666664
2017-12-03,40259.86458333333
2017-12-04,38175.46875
2017-12-05,47714.421875
2017-12-06,57253.375
2017-12-07,66792.328125
2017-12-08,116349.43229166667
2017-12-09,165906.53645833334
2017-12-10,123091.65625
2017-12-11,80276.77604166667
2017-12-12,89043.68229166667
2017-12-13,97810.58854166667
2017-12-14,105664.96354166667
2017-12-15,113519.33854166667
2017-12-16,110063.10416666667
2017-12-17,106606.86979166667
2017-12-18,112265.86631944445
2017-12-19,117924.86284722222
2017-12-20,123583.859375
2017-12-21,126172.69791666666
2017-12-22,128761.53645833333
2017-12-23,109461.0859375
2017-12-24,90160.63541666667
2017-12-25,90405.33072916667
2017-12-26,90650.02604166667
2017-12-27,98846.7421875
2017-12-28,107043.45833333333
2017-12-29,108153.0625
2017-12-30,109262.66666666667
2017-12-31,100702.19965277778
2018-01-01,92141.73263888889
2018-01-02,83581.265625
2018-01-03,88565.234375
2018-01-04,93549.203125
2018-01-05,85560.5625
2018-01-06,77571.921875
2018-01-07,70249.78645833333
2018-01-08,62927.651041666664
2018-01-09,50286.328125
2018-01-10,37645.005208333336
2018-01-11,35986.40104166667
2018-01-12,34327.796875
2018-01-13,35864.708333333336
2018-01-14,37401.619791666664
2018-01-15,38938.53125
2018-01-16,41024.63802083333
2018-01-17,43110.744791666664
2018-01-18,47836.1171875
2018-01-19,52561.489583333336
2018-01-20,59226.3984375
2018-01-21,65891.30729166667
2018-01-22,59438.0078125
2018-01-23,52984.708333333336
2018-01-24,48273.653645833336
2018-01-25,43562.598958333336
2018-01-26,38912.409722222226
2018-01-27,34262.22048611111
2018-01-28,29612.03125
2018-01-29,23730.411458333336
2018-01-30,17848.791666666668
2018-01-31,17802.15625
2018-02-01,17755.520833333332
2018-02-02,17401.8671875
2018-02-03,17048.213541666668
2018-02-04,12023.375
2018-02-05,6998.536458333333
2018-02-06,6997.09375
2018-02-07,6995.651041666667
2018-02-08,7018.980902777778
2018-02-09,7042.310763888889
2018-02-10,7065.640625
2018-02-11,6156.518229166666
2018-02-12,5247.395833333333
2018-02-13,5411.432291666666
2018-02-14,5575.46875
2018-02-15,4031.697916666667
2018-02-16,2487.9270833333335
2018-02-17,3906.682291666667
2018-02-18,5325.4375
2018-02-19,4800.395833333334
2018-02-20,4275.354166666667
2018-02-21,4050.059027777778
2018-02-22,3824.763888888889
2018-02-23,3599.46875
2018-02-24,5879.020833333334
2018-02-25,8158.572916666667
2018-02-26,9768.640625
2018-02-27,11378.708333333334
2018-02-28,11253.15625
2018-03-01,11127.604166666666
2018-03-02,8350.682291666666
2018-03-03,5573.760416666667
2018-03-04,6400.989583333334
2018-03-05,7228.21875
2018-03-06,6252.678819444444
2018-03-07,5277.138888888889
2018-03-08,4301.598958333333
2018-03-09,4492.861979166666
2018-03-10,4684.125
2018-03-11,3362.5052083333335
2018-03-12,2040.8854166666667
2018-03-13,2316.6484375
2018-03-14,2592.4114583333335
2018-03-15,2147.2864583333335
2018-03-16,1702.1614583333333
2018-03-17,1462.6510416666665
2018-03-18,1223.140625
2018-03-19,1774.4444444444443
2018-03-20,2325.7482638888887
2018-03-21,2877.0520833333335
2018-03-22,2378.721354166667
2018-03-23,1880.390625
2018-03-24,1585.8671875
2018-03-25,1291.34375
2018-03-26,1976.2135416666667
2018-03-27,2661.0833333333335
2018-03-28,2219.0208333333335
2018-03-29,1776.9583333333333
2018-03-30,1836.3880208333333
2018-03-31,1895.8177083333333
2018-04-01,1670.470486111111
2018-04-02,1445.123263888889
2018-04-03,1219.7760416666667
2018-04-04,1611.4739583333335
2018-04-05,2003.171875
2018-04-06,2072.466145833333
2018-04-07,2141.7604166666665
2018-04-08,1741.5442708333333
2018-04-09,1341.328125
2018-04-10,1545.3567708333335
2018-04-11,1749.3854166666667
2018-04-12,2372.2239583333335
2018-04-13,2995.0625
2018-04-14,2439.503472222222
2018-04-15,1883.9444444444446
2018-04-16,1328.3854166666667
2018-04-17,1693.3229166666665
2018-04-18,2058.2604166666665
2018-04-19,1980.9817708333333
2018-04-20,1903.703125
2018-04-21,1723.0026041666665
2018-04-22,1542.3020833333333
2018-04-23,2647.229166666667
2018-04-24,3752.15625
2018-04-25,3432.513020833333
2018-04-26,3112.8697916666665
2018-04-27,2815.3993055555557
2018-04-28,2517.9288194444443
2018-04-29,2220.4583333333335
2018-04-30,2161.609375
2018-05-01,2102.7604166666665
2018-05-02,2770.703125
2018-05-03,3438.6458333333335
2018-05-04,3507.1067708333335
2018-05-05,3575.5677083333335
2018-05-06,3875.5546875
2018-05-07,4175.541666666667
2018-05-08,2919.6380208333335
2018-05-09,1663.734375
2018-05-10,4987.930555555555
2018-05-11,8312.12673611111
2018-05-12,11636.322916666666
2018-05-13,7077.606770833333
2018-05-14,2518.890625
2018-05-15,2933.8203125
2018-05-16,3348.75
2018-05-17,3973.4140625
2018-05-18,4598.078125
2018-05-19,2916.828125
2018-05-20,1235.578125
2018-05-21,1980.0026041666667
2018-05-22,2724.4270833333335
2018-05-23,2392.322916666667
2018-05-24,2060.21875
2018-05-25,1728.1145833333333
2018-05-26,1401.1901041666665
2018-05-27,1074.265625
2018-05-28,1668.4869791666667
2018-05-29,2262.7083333333335
2018-05-30,1851.0390625
2018-05-31,1439.3697916666667
2018-06-01,1469.75
2018-06-02,1500.1302083333333
2018-06-03,2798.635416666667
2018-06-04,4097.140625
2018-06-05,4035.8923611111113
2018-06-06,3974.644097222222
2018-06-07,3913.3958333333335
2018-06-08,2913.807291666667
2018-06-09,1914.21875
2018-06-10,1976.8359375
2018-06-11,2039.453125
2018-06-12,2908.138020833333
2018-06-13,3776.8229166666665
2018-06-14,3779.692708333333
2018-06-15,3782.5625
2018-06-16,2437.5651041666665
2018-06-17,1092.5677083333333
2018-06-18,2861.828125
2018-06-19,4631.088541666667
2018-06-20,6400.348958333333
2018-06-21,3959.5625
2018-06-22,1518.7760416666667
2018-06-23,1263.171875
2018-06-24,1007.5677083333334
2018-06-25,1809.7057291666665
2018-06-26,2611.84375
2018-06-27,2554.46875
2018-06-28,2497.09375
2018-06-29,2324.622395833333
2018-06-30,2152.1510416666665
2018-07-01,2707.722222222222
2018-07-02,3263.293402777778
2018-07-03,3818.8645833333335
2018-07-04,2945.2239583333335
2018-07-05,2071.5833333333335
2018-07-06,1758.5260416666667
2018-07-07,1445.46875
2018-07-08,2010.9401041666667
2018-07-09,2576.4114583333335
2018-07-10,2665.4973958333335
2018-07-11,2754.5833333333335
2018-07-12,4522.997395833333
2018-07-13,6291.411458333333
2018-07-14,4940.315972222222
2018-07-15,3589.220486111111
2018-07-16,2238.125
2018-07-17,2320.260416666667
2018-07-18,2402.3958333333335
2018-07-19,2500.9453125
2018-07-20,2599.4947916666665
2018-07-21,2193.114583333333
2018-07-22,1786.734375
2018-07-23,2173.690104166667
2018-07-24,2560.6458333333335
2018-07-25,2418.0546875
2018-07-26,2275.4635416666665
2018-07-27,2255.0
2018-07-28,2234.536458333333
2018-07-29,2214.0729166666665
2018-07-30,2822.8619791666665
2018-07-31,3431.6510416666665
2018-08-01,3441.864583333333
2018-08-02,3452.078125
2018-08-03,2619.78125
2018-08-04,1787.484375
2018-08-05,2472.223958333333
2018-08-06,3156.9635416666665
2018-08-07,2749.8229166666665
2018-08-08,2342.6822916666665
2018-08-09,2185.3038194444443
2018-08-10,2027.9253472222222
2018-08-11,1870.546875
2018-08-12,1668.2317708333335
2018-08-13,1465.9166666666667
2018-08-14,3200.919270833333
2018-08-15,4935.921875
2018-08-16,4105.234375
2018-08-17,3274.546875
2018-08-18,2327.0572916666665
2018-08-19,1379.5677083333333
2018-08-20,2309.6171875
2018-08-21,3239.6666666666665
2018-08-22,2985.9618055555557
2018-08-23,2732.2569444444443
2018-08-24,2478.5520833333335
2018-08-25,2037.0442708333335
2018-08-26,1595.5364583333333
2018-08-27,2600.8385416666665
2018-08-28,3606.140625
2018-08-29,3210.778645833333
2018-08-30,2815.4166666666665
2018-08-31,2362.1432291666665
2018-09-01,1908.8697916666667
2018-09-02,3428.817708333333
2018-09-03,4948.765625
2018-09-04,6212.631944444444
2018-09-05,7476.498263888889
2018-09-06,8740.364583333334
2018-09-07,7244.466145833334
2018-09-08,5748.567708333333
2018-09-09,3743.239583333333
2018-09-10,1737.9114583333333
2018-09-11,4848.856770833333
2018-09-12,7959.802083333333
2018-09-13,7049.596354166666
2018-09-14,6139.390625
2018-09-15,3887.5338541666665
2018-09-16,1635.6770833333333
2018-09-17,2050.5069444444443
2018-09-18,2465.3368055555557
2018-09-19,2880.1666666666665
2018-09-20,3156.78125
2018-09-21,3433.3958333333335
2018-09-22,2749.7864583333335
2018-09-23,2066.1770833333335
2018-09-24,2518.5911458333335
2018-09-25,2971.0052083333335
2018-09-26,4225.395833333333
2018-09-27,5479.786458333333
2018-09-28,3885.3984375
2018-09-29,2291.0104166666665
2018-09-30,2552.270833333333
2018-10-01,2813.53125
2018-10-02,3074.7916666666665
2018-10-03,3726.364583333333
2018-10-04,4377.9375
2018-10-05,7091.5
2018-10-06,9805.0625
2018-10-07,7542.611979166666
2018-10-08,5280.161458333333
2018-10-09,4136.1640625
2018-10-10,2992.1666666666665
2018-10-11,4214.2109375
2018-10-12,5436.255208333333
2018-10-13,4766.930555555556
2018-10-14,4097.605902777777
2018-10-15,3428.28125
2018-10-16,4711.265625
2018-10-17,5994.25
2018-10-18,5269.893229166666
2018-10-19,4545.536458333333
2018-10-20,3270.203125
2018-10-21,1994.8697916666667
2018-10-22,3567.1796875
2018-10-23,5139.489583333333
2018-10-24,5849.356770833333
2018-10-25,6559.223958333333
2018-10-26,5303.684027777777
2018-10-27,4048.144097222222
2018-10-28,2792.6041666666665
2018-10-29,5547.794270833334
2018-10-30,8302.984375
2018-10-31,6007.8515625
2018-11-01,3712.71875
2018-11-02,4961.541666666666
2018-11-03,6210.364583333333
2018-11-04,6632.229166666666
2018-11-05,7054.09375
2018-11-06,8094.520833333333
2018-11-07,9134.947916666666
2018-11-08,8362.1875
2018-11-09,7589.427083333333
2018-11-10,6816.666666666667
2018-11-11,4731.497395833334
2018-11-12,2646.328125
2018-11-13,5014.299479166666
2018-11-14,7382.270833333333
2018-11-15,10771.111979166666
2018-11-16,14159.953125
2018-11-17,8868.244791666668
2018-11-18,3576.5364583333335
2018-11-19,18053.111979166668
2018-11-20,32529.6875
2018-11-21,23946.15625
2018-11-22,15362.625
2018-11-23,6779.09375
2018-11-24,5537.450520833334
2018-11-25,4295.807291666667
2018-11-26,5754.697916666667
2018-11-27,7213.588541666667
2018-11-28,12267.3984375
2018-11-29,17321.208333333332
2018-11-30,12892.1171875
2018-12-01,8463.026041666666
2018-12-02,8021.729166666666
2018-12-03,7580.432291666667
2018-12-04,6742.260416666667
2018-12-05,5904.088541666667
2018-12-06,5065.916666666667
2018-12-07,5767.244791666667
2018-12-08,6468.572916666667
2018-12-09,4583.010416666667
2018-12-10,2697.4479166666665
2018-12-11,4943.390625
2018-12-12,7189.333333333333
2018-12-13,5989.151041666666
2018-12-14,4788.96875
2018-12-15,4486.817708333334
2018-12-16,4184.666666666667
2018-12-17,5897.802083333333
2018-12-18,7610.9375
2018-12-19,9324.072916666666
2018-12-20,7022.013020833333
2018-12-21,4719.953125
2018-12-22,3690.778645833333
2018-12-23,2661.6041666666665
2018-12-24,3503.817708333333
2018-12-25,4346.03125
2018-12-26,3763.0
2018-12-27,3179.96875
2018-12-28,3349.3359375
2018-12-29,3518.703125
2018-12-30,3186.6736111111113
2018-12-31,2854.644097222222
2019-01-01,2522.6145833333335
2019-01-02,3217.0286458333335
2019-01-03,3911.4427083333335
2019-01-04,4119.395833333333
2019-01-05,4327.348958333333
2019-01-06,4108.932291666666
2019-01-07,3890.515625
2019-01-08,4562.84375
2019-01-09,5235.171875
2019-01-10,5107.286458333334
2019-01-11,4979.401041666667
2019-01-12,4649.607638888889
2019-01-13,4319.814236111111
2019-01-14,3990.0208333333335
2019-01-15,5423.96875
2019-01-16,6857.916666666667
2019-01-17,6359.1328125
2019-01-18,5860.348958333333
2019-01-19,4104.252604166666
2019-01-20,2348.15625
2019-01-21,4108.666666666666
2019-01-22,5869.177083333333
2019-01-23,5542.502604166666
2019-01-24,5215.828125
2019-01-25,4703.90625
2019-01-26,4191.984375
2019-01-27,3680.0625
2019-01-28,6459.395833333333
2019-01-29,9238.729166666666
2019-01-30,7492.4140625
2019-01-31,5746.098958333333
2019-02-01,5419.703125
2019-02-02,5093.307291666667
2019-02-03,4221.6328125
2019-02-04,3349.9583333333335
2019-02-05,3590.6145833333335
2019-02-06,3831.2708333333335
2019-02-07,5124.350694444444
2019-02-08,6417.430555555556
2019-02-09,7710.510416666667
2019-02-10,5620.776041666667
2019-02-11,3531.0416666666665
2019-02-12,13400.010416666666
2019-02-13,23268.979166666668
2019-02-14,15734.4609375
2019-02-15,8199.942708333334
2019-02-16,6119.276041666667
2019-02-17,4038.609375
2019-02-18,8017.536458333333
2019-02-19,11996.463541666666
2019-02-20,12175.140625
2019-02-21,12353.817708333332
2019-02-22,12532.494791666666
2019-02-23,8908.083333333332
2019-02-24,5283.671875
2019-02-25,8031.221354166667
2019-02-26,10778.770833333334
2019-02-27,8916.388020833334
2019-02-28,7054.005208333333
2019-03-01,7209.458333333333
2019-03-02,7364.911458333333
2019-03-03,7996.770833333334
2019-03-04,8628.630208333334
2019-03-05,8919.467013888889
2019-03-06,9210.303819444445
2019-03-07,9501.140625
2019-03-08,7245.049479166666
2019-03-09,4988.958333333333
2019-03-10,4520.567708333333
2019-03-11,4052.1770833333335
2019-03-12,5712.6953125
2019-03-13,7373.213541666667
2019-03-14,5141.268229166667
2019-03-15,2909.3229166666665
2019-03-16,2504.286458333333
2019-03-17,2099.25
2019-03-18,2523.9791666666665
2019-03-19,2948.7083333333335
2019-03-20,3373.4375
2019-03-21,4049.7161458333335
2019-03-22,4725.994791666667
2019-03-23,3270.0052083333335
2019-03-24,1814.015625
2019-03-25,5517.96875
2019-03-26,9221.921875
2019-03-27,13187.072916666666
2019-03-28,17152.223958333332
2019-03-29,18626.6875
2019-03-30,20101.151041666668
2019-03-31,24050.939236111113
2019-04-01,28000.727430555555
2019-04-02,31950.515625
2019-04-03,47115.0234375
2019-04-04,62279.53125
2019-04-05,36917.3203125
2019-04-06,11555.109375
2019-04-07,11216.713541666668
2019-04-08,10878.317708333334
2019-04-09,12885.661458333334
2019-04-10,14893.005208333334
2019-04-11,11040.190104166668
2019-04-12,7187.375
2019-04-13,8004.725694444444
2019-04-14,8822.076388888889
2019-04-15,9639.427083333334
2019-04-16,14026.302083333332
2019-04-17,18413.177083333332
2019-04-18,16014.888020833332
2019-04-19,13616.598958333334
2019-04-20,13432.7265625
2019-04-21,13248.854166666666
2019-04-22,22711.760416666664
2019-04-23,32174.666666666668
2019-04-24,22666.9453125
2019-04-25,13159.223958333334
2019-04-26,11247.118055555557
2019-04-27,9335.012152777777
2019-04-28,7422.90625
2019-04-29,7281.109375
2019-04-30,7139.3125
2019-05-01,6995.510416666666
2019-05-02,6851.708333333333
2019-05-03,10382.291666666666
2019-05-04,13912.875
2019-05-05,12818.458333333332
2019-05-06,11724.041666666666
2019-05-07,16620.955729166668
2019-05-08,21517.869791666668
2019-05-09,25914.95138888889
2019-05-10,30312.032986111113
2019-05-11,34709.114583333336
2019-05-12,21634.903645833336
2019-05-13,8560.692708333334
2019-05-14,19253.104166666664
2019-05-15,29945.515625
2019-05-16,43730.41145833333
2019-05-17,57515.307291666664
2019-05-18,33021.760416666664
2019-05-19,8528.213541666666
2019-05-20,13292.013020833332
2019-05-21,18055.8125
2019-05-22,15266.055555555555
2019-05-23,12476.29861111111
2019-05-24,9686.541666666666
2019-05-25,10392.924479166666
2019-05-26,11099.307291666666
2019-05-27,11972.244791666666
2019-05-28,12845.182291666666
2019-05-29,10896.3984375
2019-05-30,8947.614583333334
2019-05-31,19269.205729166664
2019-06-01,29590.796875
2019-06-02,27900.692708333336
2019-06-03,26210.588541666668
2019-06-04,19500.104166666668
2019-06-05,12789.619791666668
2019-06-06,6079.135416666667
2019-06-07,7451.864583333334
2019-06-08,8824.59375
2019-06-09,6869.721354166666
2019-06-10,4914.848958333333
2019-06-11,9906.3046875
2019-06-12,14897.760416666666
2019-06-13,15773.510416666668
2019-06-14,16649.260416666668
2019-06-15,15059.6328125
2019-06-16,13470.005208333334
2019-06-17,16446.472222222223
2019-06-18,19422.93923611111
2019-06-19,22399.40625
2019-06-20,23728.1484375
2019-06-21,25056.890625
2019-06-22,30228.5
2019-06-23,35400.109375
2019-06-24,22838.234375
2019-06-25,10276.359375
2019-06-26,37569.24739583333
2019-06-27,64862.135416666664
2019-06-28,35527.1953125
2019-06-29,6192.255208333333
2019-06-30,10048.440972222223
2019-07-01,13904.626736111111
2019-07-02,17760.8125
2019-07-03,12137.393229166666
2019-07-04,6513.973958333333
2019-07-05,6271.130208333333
2019-07-06,6028.286458333333
2019-07-07,5722.2578125
2019-07-08,5416.229166666667
2019-07-09,15367.583333333332
2019-07-10,25318.9375
2019-07-11,21553.25
2019-07-12,17787.5625
2019-07-13,13300.817708333332
2019-07-14,8814.072916666666
2019-07-15,4327.328125
2019-07-16,4220.947916666666
2019-07-17,4114.567708333333
2019-07-18,17309.8984375
2019-07-19,30505.229166666668
2019-07-20,16835.268229166668
2019-07-21,3165.3072916666665
2019-07-22,5408.401041666666
2019-07-23,7651.494791666667
2019-07-24,6677.984375
2019-07-25,5704.473958333333
2019-07-26,4784.730902777777
2019-07-27,3864.9878472222217
2019-07-28,2945.2447916666665
2019-07-29,3855.455729166667
2019-07-30,4765.666666666667
2019-07-31,4788.807291666667
2019-08-01,4811.947916666667
2019-08-02,3850.791666666667
2019-08-03,2889.6354166666665
2019-08-04,4917.302083333333
2019-08-05,6944.96875
2019-08-06,8835.825520833332
2019-08-07,10726.682291666666
2019-08-08,9541.373263888889
2019-08-09,8356.064236111111
2019-08-10,7170.755208333333
2019-08-11,4803.979166666666
2019-08-12,2437.203125
2019-08-13,6874.421875
2019-08-14,11311.640625
2019-08-15,9101.09375
2019-08-16,6890.546875
2019-08-17,5426.760416666667
2019-08-18,3962.9739583333335
2019-08-19,5251.690104166667
2019-08-20,6540.40625
2019-08-21,7165.637152777778
2019-08-22,7790.868055555556
2019-08-23,8416.098958333334
2019-08-24,5919.697916666667
2019-08-25,3423.296875
2019-08-26,6542.153645833333
2019-08-27,9661.010416666666
2019-08-28,8377.723958333332
2019-08-29,7094.4375
2019-08-30,5163.651041666667
2019-08-31,3232.8645833333335
2019-09-01,4882.841145833333
2019-09-02,6532.817708333333
2019-09-03,7799.494791666667
2019-09-04,9066.171875
2019-09-05,10332.848958333334
2019-09-06,8117.557291666667
2019-09-07,5902.265625
2019-09-08,4564.4375
2019-09-09,3226.609375
2019-09-10,3913.1354166666665
2019-09-11,4599.661458333333
2019-09-12,4502.809895833333
2019-09-13,4405.958333333333
2019-09-14,3727.911458333333
2019-09-15,3049.8645833333335
2019-09-16,4334.072916666667
2019-09-17,5618.28125
2019-09-18,6902.489583333333
2019-09-19,5890.276041666666
2019-09-20,4878.0625
2019-09-21,4054.130208333333
2019-09-22,3230.1979166666665
2019-09-23,7901.932291666666
2019-09-24,12573.666666666666
2019-09-25,8253.315104166666
2019-09-26,3932.9635416666665
2019-09-27,3400.536458333333
2019-09-28,2868.109375
2019-09-29,6156.355902777777
2019-09-30,9444.602430555555
2019-10-01,12732.848958333334
2019-10-02,8679.5
2019-10-03,4626.151041666667
2019-10-04,4058.5546875
2019-10-05,3490.9583333333335
2019-10-06,3520.3723958333335
2019-10-07,3549.7864583333335
2019-10-08,6792.9453125
2019-10-09,10036.104166666666
2019-10-10,7675.0
2019-10-11,5313.895833333333
2019-10-12,4685.850694444444
2019-10-13,4057.8055555555557
2019-10-14,3429.7604166666665
2019-10-15,4605.145833333333
2019-10-16,5780.53125
2019-10-17,5952.174479166666
2019-10-18,6123.817708333333
2019-10-19,4612.877604166666
2019-10-20,3101.9375
2019-10-21,4499.635416666666
2019-10-22,5897.333333333333
2019-10-23,7949.7265625
2019-10-24,10002.119791666666
2019-10-25,9898.390625
2019-10-26,9794.661458333332
2019-10-27,9690.932291666666
2019-10-28,8617.682291666666
2019-10-29,7544.432291666667
2019-10-30,6657.067708333334
2019-10-31,5769.703125
2019-11-01,6459.65625
2019-11-02,7149.609375
2019-11-03,7154.0
2019-11-04,7158.390625
2019-11-05,7587.802083333334
2019-11-06,8017.213541666667
2019-11-07,8445.960069444445
2019-11-08,8874.706597222223
2019-11-09,9303.453125
2019-11-10,6103.747395833333
2019-11-11,2904.0416666666665
2019-11-12,8413.171875
2019-11-13,13922.302083333334
2019-11-14,9830.403645833334
2019-11-15,5738.505208333333
2019-11-16,5524.138020833333
2019-11-17,5309.770833333333
2019-11-18,7007.484375
2019-11-19,8705.197916666666
2019-11-20,8569.119791666666
2019-11-21,8433.041666666666
2019-11-22,8296.963541666666
2019-11-23,5566.895833333333
2019-11-24,2836.828125
2019-11-25,14572.265625
2019-11-26,26307.703125
2019-11-27,15168.4140625
2019-11-28,4029.125
2019-11-29,5720.4296875
2019-11-30,7411.734375
2019-12-01,6320.244791666666
2019-12-02,5228.755208333333
2019-12-03,4532.196180555556
2019-12-04,3835.6371527777774
2019-12-05,3139.078125
2019-12-06,4630.473958333334
2019-12-07,6121.869791666667
2019-12-08,4403.994791666667
2019-12-09,2686.1197916666665
2019-12-10,4834.088541666666
2019-12-11,6982.057291666667
2019-12-12,5465.572916666667
2019-12-13,3949.0885416666665
2019-12-14,4194.247395833333
2019-12-15,4439.40625
2019-12-16,5576.164930555556
2019-12-17,6712.923611111111
2019-12-18,7849.682291666667
2019-12-19,6400.0234375
2019-12-20,4950.364583333333
2019-12-21,3571.255208333333
2019-12-22,2192.1458333333335
2019-12-23,4547.838541666666
2019-12-24,6903.53125
2019-12-25,4742.447916666667
2019-12-26,2581.3645833333335
2019-12-27,2931.205729166667
2019-12-28,3281.046875
2019-12-29,3263.9947916666665
2019-12-30,3246.9427083333335
2019-12-31,3229.890625
2020-01-01,2473.3177083333335
2020-01-02,1716.7447916666667
2020-01-03,2417.8046875
2020-01-04,3118.8645833333335
2020-01-05,3881.466145833333
2020-01-06,4644.067708333333
2020-01-07,6625.783854166666
2020-01-08,8607.5
2020-01-09,6585.9140625
2020-01-10,4564.328125
2020-01-11,4007.2743055555557
2020-01-12,3450.2204861111113
2020-01-13,2893.1666666666665
2020-01-14,5131.450520833334
2020-01-15,7369.734375
2020-01-16,5391.591145833333
2020-01-17,3413.4479166666665
2020-01-18,4732.643229166667
2020-01-19,6051.838541666667
2020-01-20,6237.385416666667
2020-01-21,6422.932291666667
2020-01-22,4987.104166666667
2020-01-23,3551.2760416666665
2020-01-24,3182.40625
2020-01-25,2813.536458333333
2020-01-26,2444.6666666666665
2020-01-27,9124.033854166666
2020-01-28,15803.401041666666
2020-01-29,10378.658854166666
2020-01-30,4953.916666666667
2020-01-31,5397.208333333334
2020-02-01,5840.5
2020-02-02,5353.5
2020-02-03,4866.5
2020-02-04,4965.893229166666
2020-02-05,5065.286458333333
2020-02-06,6960.01736111111
2020-02-07,8854.748263888889
2020-02-08,10749.479166666666
2020-02-09,6882.026041666666
2020-02-10,3014.5729166666665
2020-02-11,7213.997395833334
2020-02-12,11413.421875
2020-02-13,9377.901041666666
2020-02-14,7342.380208333333
2020-02-15,5299.817708333333
2020-02-16,3257.2552083333335
2020-02-17,3977.8020833333335
2020-02-18,4698.348958333333
2020-02-19,5418.895833333333
2020-02-20,6584.341145833333
2020-02-21,7749.786458333333
2020-02-22,5617.760416666666
2020-02-23,3485.734375
2020-02-24,4931.872395833334
2020-02-25,6378.010416666667
2020-02-26,7284.135416666667
2020-02-27,8190.260416666667
2020-02-28,6039.705729166667
2020-02-29,3889.1510416666665
2020-03-01,5618.807291666666
2020-03-02,7348.463541666666
2020-03-03,9078.119791666666
2020-03-04,6986.825520833333
2020-03-05,4895.53125
2020-03-06,7537.453125
2020-03-07,10179.375
2020-03-08,6688.174479166667
2020-03-09,3196.9739583333335
2020-03-10,7239.239583333334
2020-03-11,11281.505208333334
2020-03-12,22245.044270833336
2020-03-13,33208.583333333336
2020-03-14,23755.411458333336
2020-03-15,14302.239583333332
2020-03-16,4849.067708333333
2020-03-17,7424.7109375
2020-03-18,10000.354166666666
2020-03-19,18105.932291666668
2020-03-20,26211.510416666668
2020-03-21,14745.213541666668
2020-03-22,3278.9166666666665
2020-03-23,5534.1015625
2020-03-24,7789.286458333333
2020-03-25,8026.234375
2020-03-26,8263.182291666666
2020-03-27,6517.414930555556
2020-03-28,4771.647569444445
2020-03-29,3025.8802083333335
2020-03-30,3476.328125
2020-03-31,3926.7760416666665
2020-04-01,3863.2916666666665
2020-04-02,3799.8072916666665
2020-04-03,4695.354166666667
2020-04-04,5590.901041666667
2020-04-05,5155.302083333334
2020-04-06,4719.703125
2020-04-07,4923.453125
2020-04-08,5127.203125
2020-04-09,4456.503472222223
2020-04-10,3785.8038194444443
2020-04-11,3115.1041666666665
2020-04-12,2895.5416666666665
2020-04-13,2675.9791666666665
2020-04-14,5738.216145833334
2020-04-15,8800.453125
2020-04-16,7134.390625
2020-04-17,5468.328125
2020-04-18,4198.2421875
2020-04-19,2928.15625
2020-04-20,4002.1145833333335
2020-04-21,5076.072916666667
2020-04-22,7555.197916666666
2020-04-23,10034.322916666666
2020-04-24,12513.447916666666
2020-04-25,8826.309895833332
2020-04-26,5139.171875
2020-04-27,6115.0546875
2020-04-28,7090.9375
2020-04-29,22491.75
2020-04-30,37892.5625
2020-05-01,29631.700520833336
2020-05-02,21370.838541666668
2020-05-03,13528.0703125
2020-05-04,5685.302083333333
2020-05-05,6306.222222222222
2020-05-06,6927.142361111111
2020-05-07,7548.0625
2020-05-08,17504.403645833336
2020-05-09,27460.744791666668
2020-05-10,17029.3125
2020-05-11,6597.880208333333
2020-05-12,11626.333333333332
2020-05-13,16654.786458333332
2020-05-14,42627.36458333333
2020-05-15,68599.94270833333
2020-05-16,50238.5703125
2020-05-17,31877.197916666668
2020-05-18,38582.890625
2020-05-19,45288.58333333333
2020-05-20,51994.276041666664
2020-05-21,48301.3984375
2020-05-22,44608.520833333336
2020-05-23,32755.161458333336
2020-05-24,20901.802083333332
2020-05-25,19299.171875
2020-05-26,17696.541666666668
2020-05-27,16850.497395833336
2020-05-28,16004.453125
2020-05-29,11178.588541666666
2020-05-30,6352.723958333333
2020-05-31,7344.649305555556
2020-06-01,8336.574652777777
2020-06-02,9328.5
2020-06-03,11794.268229166668
2020-06-04,14260.036458333334
2020-06-05,8911.783854166668
2020-06-06,3563.53125
2020-06-07,3819.625
2020-06-08,4075.71875
2020-06-09,4508.3203125
2020-06-10,4940.921875
2020-06-11,5113.7890625
2020-06-12,5286.65625
2020-06-13,4265.84375
2020-06-14,3245.03125
2020-06-15,2224.21875
2020-06-16,8237.567708333332
2020-06-17,14250.916666666666
2020-06-18,19790.671875
2020-06-19,25330.427083333332
2020-06-20,14257.0078125
2020-06-21,3183.5885416666665
2020-06-22,8647.296875
2020-06-23,14111.005208333334
2020-06-24,11466.1171875
2020-06-25,8821.229166666666
2020-06-26,7725.927083333333
2020-06-27,6630.625
2020-06-28,5535.322916666667
2020-06-29,7324.583333333334
2020-06-30,9113.84375
2020-07-01,10083.658854166668
2020-07-02,11053.473958333334
2020-07-03,9347.802083333334
2020-07-04,7642.130208333333
2020-07-05,6270.145833333333
2020-07-06,4898.161458333333
2020-07-07,8519.1796875
2020-07-08,12140.197916666666
2020-07-09,10801.730902777777
2020-07-10,9463.263888888889
2020-07-11,8124.796875
2020-07-12,5478.296875
2020-07-13,2831.796875
2020-07-14,10143.192708333334
2020-07-15,17454.588541666668
2020-07-16,25090.328125
2020-07-17,32726.067708333332
2020-07-18,25855.052083333332
2020-07-19,18984.036458333332
2020-07-20,28824.713541666664
2020-07-21,38665.390625
2020-07-22,41146.98263888889
2020-07-23,43628.574652777774
2020-07-24,46110.166666666664
2020-07-25,31299.421875
2020-07-26,16488.677083333332
2020-07-27,28155.828125
2020-07-28,39822.979166666664
2020-07-29,39879.59895833333
2020-07-30,39936.21875
2020-07-31,35482.96875
2020-08-01,31029.71875
2020-08-02,22760.776041666668
2020-08-03,14491.833333333334
2020-08-04,20520.640625
2020-08-05,26549.447916666668
2020-08-06,32578.255208333332
2020-08-07,25115.6875
2020-08-08,17653.119791666668
2020-08-09,11280.3515625
2020-08-10,4907.583333333333
2020-08-11,9624.817708333332
2020-08-12,14342.052083333334
2020-08-13,13162.75
2020-08-14,11983.447916666666
2020-08-15,8176.692708333333
2020-08-16,4369.9375
2020-08-17,17664.12326388889
2020-08-18,30958.309027777777
2020-08-19,44252.494791666664
2020-08-20,30394.653645833332
2020-08-21,16536.8125
2020-08-22,12960.9765625
2020-08-23,9385.140625
2020-08-24,13023.5234375
2020-08-25,16661.90625
2020-08-26,23376.643229166664
2020-08-27,30091.380208333332
2020-08-28,17711.6328125
2020-08-29,5331.885416666667
2020-08-30,9888.505208333334
2020-08-31,14445.125
2020-09-01,19001.744791666668
2020-09-02,25076.4609375
2020-09-03,31151.177083333332
2020-09-04,44546.484375
2020-09-05,57941.791666666664
2020-09-06,31755.122395833332
2020-09-07,5568.453125
2020-09-08,6309.0546875
2020-09-09,7049.65625
2020-09-10,9307.4609375
2020-09-11,11565.265625
2020-09-12,8638.175347222223
2020-09-13,5711.085069444444
2020-09-14,2783.9947916666665
2020-09-15,7712.013020833334
2020-09-16,12640.03125
2020-09-17,8392.5703125
2020-09-18,4145.109375
2020-09-19,4337.684895833334
2020-09-20,4530.260416666667
2020-09-21,15872.309895833332
2020-09-22,27214.359375
2020-09-23,24307.604166666664
2020-09-24,21400.848958333332
2020-09-25,16003.206597222223
2020-09-26,10605.564236111111
2020-09-27,5207.921875
2020-09-28,15495.942708333334
2020-09-29,25783.963541666668
2020-09-30,22957.510416666668
2020-10-01,20131.057291666668
2020-10-02,27623.5859375
2020-10-03,35116.114583333336
2020-10-04,24109.572916666668
2020-10-05,13103.03125
2020-10-06,19444.997395833336
2020-10-07,25786.963541666668
2020-10-08,25398.769097222223
2020-10-09,25010.574652777777
2020-10-10,24622.380208333332
2020-10-11,14124.401041666666
2020-10-12,3626.421875
2020-10-13,4907.494791666666
2020-10-14,6188.567708333333
2020-10-15,7335.505208333334
2020-10-16,8482.442708333334
2020-10-17,8143.739583333334
2020-10-18,7805.036458333333
2020-10-19,17292.90625
2020-10-20,26780.776041666668
2020-10-21,34069.07986111111
2020-10-22,41357.383680555555
2020-10-23,48645.6875
2020-10-24,31116.0390625
2020-10-25,13586.390625
2020-10-26,37404.59635416667
2020-10-27,61222.802083333336
2020-10-28,91752.2578125
2020-10-29,122281.71354166667
2020-10-30,123146.77083333334
2020-10-31,124011.828125
2020-11-01,95145.7109375
2020-11-02,66279.59375
2020-11-03,56971.17013888889
2020-11-04,47662.74652777778
2020-11-05,38354.322916666664
2020-11-06,36447.3203125
2020-11-07,34540.317708333336
2020-11-08,22094.450520833336
2020-11-09,9648.583333333334
2020-11-10,9704.067708333334
2020-11-11,9759.552083333334
2020-11-12,8041.161458333334
2020-11-13,6322.770833333333
2020-11-14,5197.877604166666
2020-11-15,4072.984375
2020-11-16,7396.694444444445
2020-11-17,10720.40451388889
2020-11-18,14044.114583333334
2020-11-19,16987.6171875
2020-11-20,19931.119791666668
2020-11-21,11785.692708333334
2020-11-22,3640.265625
2020-11-23,14716.325520833334
2020-11-24,25792.385416666668
2020-11-25,30304.1171875
2020-11-26,34815.848958333336
2020-11-27,22379.161458333336
2020-11-28,9942.473958333334
2020-11-29,20798.534722222223
2020-11-30,31654.59548611111
2020-12-01,42510.65625
2020-12-02,41415.65885416667
2020-12-03,40320.661458333336
2020-12-04,32710.481770833336
2020-12-05,25100.302083333332
2020-12-06,15937.919270833332
2020-12-07,6775.536458333333
2020-12-08,10835.4921875
2020-12-09,14895.447916666666
2020-12-10,17776.6015625
2020-12-11,20657.755208333332
2020-12-12,14890.210069444445
2020-12-13,9122.664930555557
2020-12-14,3355.1197916666665
2020-12-15,12135.882812499998
2020-12-16,20916.645833333332
2020-12-17,67392.484375
2020-12-18,113868.32291666667
2020-12-19,67311.40104166667
2020-12-20,20754.479166666668
2020-12-21,24262.684895833336
2020-12-22,27770.890625
2020-12-23,31214.997395833332
2020-12-24,34659.104166666664
2020-12-25,28131.50173611111
2020-12-26,21603.899305555555
2020-12-27,15076.296875
2020-12-28,16597.854166666664
2020-12-29,18119.411458333332
2020-12-30,20019.161458333332
2020-12-31,21918.911458333332
2021-01-01,14508.8671875
2021-01-02,7098.822916666667
2021-01-03,9592.971354166666
2021-01-04,12087.119791666666
2021-01-05,17594.169270833332
2021-01-06,23101.21875
2021-01-07,33673.07638888889
2021-01-08,44244.93402777778
2021-01-09,54816.791666666664
2021-01-10,48288.0546875
2021-01-11,41759.317708333336
2021-01-12,52195.270833333336
2021-01-13,62631.223958333336
2021-01-14,66085.54166666667
2021-01-15,69539.859375
2021-01-16,57659.45833333333
2021-01-17,45779.057291666664
2021-01-18,42944.83333333333
2021-01-19,40110.609375
2021-01-20,47300.020833333336
2021-01-21,54489.432291666664
2021-01-22,61678.84375
2021-01-23,48656.55208333333
2021-01-24,35634.260416666664
2021-01-25,36538.73177083333
2021-01-26,37443.203125
2021-01-27,32408.729166666664
2021-01-28,27374.255208333332
2021-01-29,41422.098958333336
2021-01-30,55469.942708333336
2021-01-31,48276.0234375
2021-02-01,41082.104166666664
2021-02-02,41259.996527777774
2021-02-03,41437.88888888889
2021-02-04,41615.78125
2021-02-05,38095.83072916667
2021-02-06,34575.880208333336
2021-02-07,29274.403645833336
2021-02-08,23972.927083333332
2021-02-09,50227.375
2021-02-10,76481.82291666667
2021-02-11,86197.97135416667
2021-02-12,95914.11979166667
2021-02-13,71421.21875
2021-02-14,46928.317708333336
2021-02-15,50232.347222222226
2021-02-16,53536.37673611111
2021-02-17,56840.40625
2021-02-18,65724.74479166666
2021-02-19,74609.08333333333
2021-02-20,76635.54427083333
2021-02-21,78662.00520833333
2021-02-22,86838.83854166666
2021-02-23,95015.671875
2021-02-24,84348.171875
2021-02-25,73680.671875
2021-02-26,65084.93229166667
2021-02-27,56489.192708333336
2021-02-28,56439.505208333336
2021-03-01,56389.817708333336
2021-03-02,56340.130208333336
2021-03-03,56101.96875
2021-03-04,55863.807291666664
2021-03-05,51943.463541666664
2021-03-06,48023.119791666664
2021-03-07,40954.940104166664
2021-03-08,33886.760416666664
2021-03-09,36379.20052083333
2021-03-10,38871.640625
2021-03-11,37218.7734375
2021-03-12,35565.90625
2021-03-13,30690.927083333332
2021-03-14,25815.947916666664
2021-03-15,20940.96875
2021-03-16,25098.46875
2021-03-17,29255.96875
2021-03-18,32337.885416666668
2021-03-19,35419.802083333336
2021-03-20,27972.0546875
2021-03-21,20524.307291666668
2021-03-22,28231.901041666664
2021-03-23,35939.494791666664
2021-03-24,37580.080729166664
2021-03-25,39220.666666666664
2021-03-26,37281.949652777774
2021-03-27,35343.23263888889
2021-03-28,33404.515625
2021-03-29,41571.30729166667
2021-03-30,49738.098958333336
2021-03-31,47610.16666666667
2021-04-01,45482.234375
2021-04-02,46855.72135416667
2021-04-03,48229.208333333336
2021-04-04,40548.2109375
2021-04-05,32867.213541666664
2021-04-06,37163.90364583333
2021-04-07,41460.59375
2021-04-08,41073.63715277778
2021-04-09,40686.680555555555
2021-04-10,40299.723958333336
2021-04-11,35551.1953125
2021-04-12,30802.666666666668
2021-04-13,46985.380208333336
2021-04-14,63168.09375
2021-04-15,61161.77864583333
2021-04-16,59155.463541666664
2021-04-17,84664.65364583333
2021-04-18,110173.84375
2021-04-19,114153.2890625
2021-04-20,118132.734375
2021-04-21,117768.35069444444
2021-04-22,117403.96701388889
2021-04-23,117039.58333333333
2021-04-24,92863.32291666666
2021-04-25,68687.0625
2021-04-26,59863.09635416667
2021-04-27,51039.130208333336
2021-04-28,45647.58854166667
2021-04-29,40256.046875
2021-04-30,38947.88020833333
2021-05-01,37639.713541666664
2021-05-02,32292.268229166664
2021-05-03,26944.822916666668
2021-05-04,29143.206597222223
2021-05-05,31341.59027777778
2021-05-06,33539.973958333336
2021-05-07,29782.0625
2021-05-08,26024.151041666668
2021-05-09,21542.596354166668
2021-05-10,17061.041666666668
2021-05-11,15882.083333333334
2021-05-12,14703.125
2021-05-13,18396.515625
2021-05-14,22089.90625
2021-05-15,17108.03125
2021-05-16,12126.15625
2021-05-17,19594.131944444445
2021-05-18,27062.10763888889
2021-05-19,34530.083333333336
2021-05-20,50281.59635416667
2021-05-21,66033.109375
2021-05-22,49678.64322916667
2021-05-23,33324.177083333336
2021-05-24,27499.799479166668
2021-05-25,21675.421875
2021-05-26,23283.088541666664
2021-05-27,24890.755208333332
2021-05-28,24216.984375
2021-05-29,23543.213541666668
2021-05-30,18213.503472222223
2021-05-31,12883.793402777777
2021-06-01,7554.083333333333
2021-06-02,5917.341145833333
2021-06-03,4280.598958333333
2021-06-04,4380.3828125
2021-06-05,4480.166666666667
2021-06-06,3492.276041666667
2021-06-07,2504.3854166666665
2021-06-08,5388.330729166666
2021-06-09,8272.276041666666
2021-06-10,19325.747395833336
2021-06-11,30379.21875
2021-06-12,20968.789930555555
2021-06-13,11558.361111111113
2021-06-14,2147.9322916666665
2021-06-15,4121.2109375
2021-06-16,6094.489583333333
2021-06-17,4584.15625
2021-06-18,3073.8229166666665
2021-06-19,5100.3828125
2021-06-20,7126.942708333333
2021-06-21,13210.3984375
2021-06-22,19293.854166666668
2021-06-23,19728.3984375
2021-06-24,20162.942708333332
2021-06-25,16306.067708333332
2021-06-26,12449.192708333332
2021-06-27,8592.317708333334
2021-06-28,25586.611979166664
2021-06-29,42580.90625
2021-06-30,45862.33854166667
2021-07-01,49143.770833333336
2021-07-02,49567.82291666667
2021-07-03,49991.875
2021-07-04,27726.708333333332
2021-07-05,5461.541666666667
2021-07-06,4866.1171875
2021-07-07,4270.692708333333
2021-07-08,4224.513888888889
2021-07-09,4178.335069444444
2021-07-10,4132.15625
2021-07-11,2964.2838541666665
2021-07-12,1796.4114583333333
2021-07-13,3108.9921875
2021-07-14,4421.572916666667
2021-07-15,3694.9765625
2021-07-16,2968.3802083333335
2021-07-17,2226.8880208333335
2021-07-18,1485.3958333333333
2021-07-19,2770.716145833333
2021-07-20,4056.0364583333335
2021-07-21,3344.3177083333335
2021-07-22,2632.5989583333335
2021-07-23,1920.8802083333333
2021-07-24,1936.0520833333333
2021-07-25,1951.2239583333333
2021-07-26,3372.890625
2021-07-27,4794.557291666667
2021-07-28,3688.0234375
2021-07-29,2581.4895833333335
2021-07-30,2241.0859375
2021-07-31,1900.6822916666667
2021-08-01,2187.8385416666665
2021-08-02,2474.9947916666665
2021-08-03,3572.9861111111113
2021-08-04,4670.977430555556
2021-08-05,5768.96875
2021-08-06,4133.875
2021-08-07,2498.78125
2021-08-08,2130.5234375
2021-08-09,1762.265625
2021-08-10,2052.236979166667
2021-08-11,2342.2083333333335
2021-08-12,3423.752604166667
2021-08-13,4505.296875
2021-08-14,2873.2369791666665
2021-08-15,1241.1770833333333
2021-08-16,1594.7864583333333
2021-08-17,1948.3958333333335
2021-08-18,2302.0052083333335
2021-08-19,2723.588541666667
2021-08-20,3145.171875
2021-08-21,2348.8645833333335
2021-08-22,1552.5572916666667
2021-08-23,2032.671875
2021-08-24,2512.7864583333335
2021-08-25,2392.4140625
2021-08-26,2272.0416666666665
2021-08-27,2275.6875
2021-08-28,2279.3333333333335
2021-08-29,2876.6267361111113
2021-08-30,3473.9201388888887
2021-08-31,4071.2135416666665
2021-09-01,7590.0078125
2021-09-02,11108.802083333334
2021-09-03,7442.455729166667
2021-09-04,3776.109375
2021-09-05,3370.588541666667
2021-09-06,2965.0677083333335
2021-09-07,5659.7578125
2021-09-08,8354.447916666666
2021-09-09,6394.520833333333
2021-09-10,4434.59375
2021-09-11,3605.144097222222
2021-09-12,2775.6944444444443
2021-09-13,1946.2447916666667
2021-09-14,3472.708333333333
2021-09-15,4999.171875
2021-09-16,5607.2265625
2021-09-17,6215.28125
2021-09-18,3943.4973958333335
2021-09-19,1671.7135416666667
2021-09-20,2965.026041666667
2021-09-21,4258.338541666667
2021-09-22,3497.721354166667
2021-09-23,2737.1041666666665
2021-09-24,2500.0625
2021-09-25,2263.0208333333335
2021-09-26,2025.9791666666667
2021-09-27,2255.9713541666665
2021-09-28,2485.9635416666665
2021-09-29,4795.8125
2021-09-30,7105.661458333333
2021-10-01,8340.950520833334
2021-10-02,9576.239583333334
2021-10-03,6817.6640625
2021-10-04,4059.0885416666665
2021-10-05,9683.471354166666
2021-10-06,15307.854166666666
2021-10-07,14606.840277777777
2021-10-08,13905.826388888889
2021-10-09,13204.8125
2021-10-10,7710.864583333333
2021-10-11,2216.9166666666665
2021-10-12,4296.770833333334
2021-10-13,6376.625
2021-10-14,7168.984375
2021-10-15,7961.34375
2021-10-16,4979.317708333334
2021-10-17,1997.2916666666667
2021-10-18,3122.03125
2021-10-19,4246.770833333333
2021-10-20,5292.880208333333
2021-10-21,6338.989583333333
2021-10-22,7385.098958333333
2021-10-23,4876.489583333333
2021-10-24,2367.8802083333335
2021-10-25,2727.453125
2021-10-26,3087.0260416666665
2021-10-27,2704.9166666666665
2021-10-28,2322.8072916666665
2021-10-29,2403.5182291666665
2021-10-30,2484.2291666666665
2021-10-31,3912.809895833333
2021-11-01,5341.390625
2021-11-02,5048.857638888889
2021-11-03,4756.324652777778
2021-11-04,4463.791666666667
2021-11-05,4450.799479166667
2021-11-06,4437.807291666667
2021-11-07,3679.7161458333335
2021-11-08,2921.625
2021-11-09,4000.3880208333335
2021-11-10,5079.151041666667
2021-11-11,4902.440104166667
2021-11-12,4725.729166666667
2021-11-13,3298.9609375
2021-11-14,1872.1927083333333
2021-11-15,2684.1354166666665
2021-11-16,3496.078125
2021-11-17,4308.020833333333
2021-11-18,4148.609375
2021-11-19,3989.1979166666665
2021-11-20,3276.9401041666665
2021-11-21,2564.6822916666665
2021-11-22,3141.71875
2021-11-23,3718.7552083333335
2021-11-24,4946.828125
2021-11-25,6174.901041666667
2021-11-26,4253.997395833334
2021-11-27,2333.09375
2021-11-28,2979.673611111111
2021-11-29,3626.2534722222217
2021-11-30,4272.833333333333
2021-12-01,12504.453125
2021-12-02,20736.072916666668
2021-12-03,11854.153645833334
2021-12-04,2972.234375
2021-12-05,2502.4088541666665
2021-12-06,2032.5833333333333
2021-12-07,2503.8151041666665
2021-12-08,2975.046875
2021-12-09,3607.6927083333335
2021-12-10,4240.338541666667
2021-12-11,3398.309027777778
2021-12-12,2556.2795138888887
2021-12-13,1714.25
2021-12-14,3207.2265625
2021-12-15,4700.203125
2021-12-16,5630.776041666666
2021-12-17,6561.348958333333
2021-12-18,4157.065104166666
2021-12-19,1752.78125
2021-12-20,2913.486979166667
2021-12-21,4074.1927083333335
2021-12-22,3946.2317708333335
2021-12-23,3818.2708333333335
2021-12-24,4351.513888888889
2021-12-25,4884.756944444444
2021-12-26,5418.0
2021-12-27,8594.2265625
2021-12-28,11770.453125
2021-12-29,9476.515625
2021-12-30,7182.578125
2021-12-31,4696.854166666667
2022-01-01,2211.1302083333335
2022-01-02,2343.5833333333335
2022-01-03,2476.0364583333335
2022-01-04,4258.34375
2022-01-05,6040.651041666667
2022-01-06,5468.319444444444
2022-01-07,4895.987847222223
2022-01-08,4323.65625
2022-01-09,2989.0729166666665
2022-01-10,1654.4895833333333
2022-01-11,2923.515625
2022-01-12,4192.541666666667
2022-01-13,3675.229166666667
2022-01-14,3157.9166666666665
2022-01-15,2490.0729166666665
2022-01-16,1822.2291666666667
2022-01-17,2734.3671875
2022-01-18,3646.5052083333335
2022-01-19,3585.291666666667
2022-01-20,3524.078125
2022-01-21,3462.8645833333335
2022-01-22,3453.7161458333335
2022-01-23,3444.5677083333335
2022-01-24,4025.9296875
2022-01-25,4607.291666666667
2022-01-26,6443.875
2022-01-27,8280.458333333334
2022-01-28,5940.520833333334
2022-01-29,3600.5833333333335
2022-01-30,4621.3046875
2022-01-31,5642.026041666667
2022-02-01,4798.385416666667
2022-02-02,3954.744791666667
2022-02-03,3111.1041666666665
2022-02-04,10539.684895833334
2022-02-05,17968.265625
2022-02-06,10309.083333333332
2022-02-07,2649.9010416666665
2022-02-08,4633.625
2022-02-09,6617.348958333333
2022-02-10,7658.268229166666
2022-02-11,8699.1875
2022-02-12,5196.682291666666
2022-02-13,1694.1770833333333
2022-02-14,2265.0868055555557
2022-02-15,2835.996527777778
2022-02-16,3406.90625
2022-02-17,3567.111979166667
2022-02-18,3727.3177083333335
2022-02-19,3015.080729166667
2022-02-20,2302.84375
2022-02-21,3244.1432291666665
2022-02-22,4185.442708333333
2022-02-23,4044.200520833333
2022-02-24,3902.9583333333335
2022-02-25,3145.861979166667
2022-02-26,2388.765625
2022-02-27,2772.8576388888887
2022-02-28,3156.949652777778
2022-03-01,3541.0416666666665
2022-03-02,4907.611979166667
2022-03-03,6274.182291666667
2022-03-04,5702.395833333334
2022-03-05,5130.609375
2022-03-06,3587.359375
2022-03-07,2044.109375
2022-03-08,4143.505208333334
2022-03-09,6242.901041666667
2022-03-10,6236.057291666667
2022-03-11,6229.213541666667
2022-03-12,4766.75
2022-03-13,3304.2864583333335
2022-03-14,1841.8229166666667
2022-03-15,2487.9192708333335
2022-03-16,3134.015625
2022-03-17,2808.395833333333
2022-03-18,2482.7760416666665
2022-03-19,2166.9244791666665
2022-03-20,1851.0729166666667
2022-03-21,3937.697916666667
2022-03-22,6024.322916666667
2022-03-23,5451.106770833334
2022-03-24,4877.890625
2022-03-25,3891.668402777778
2022-03-26,2905.4461805555557
2022-03-27,1919.2239583333333
2022-03-28,2470.1510416666665
2022-03-29,3021.078125
2022-03-30,4979.4921875
2022-03-31,6937.90625
2022-04-01,6772.815104166666
2022-04-02,6607.723958333333
2022-04-03,4516.223958333333
2022-04-04,2424.7239583333335
2022-04-05,3213.5598958333335
2022-04-06,4002.3958333333335
2022-04-07,4595.300347222223
2022-04-08,5188.204861111111
2022-04-09,5781.109375
2022-04-10,3834.4635416666665
2022-04-11,1887.8177083333333
2022-04-12,2802.1354166666665
2022-04-13,3716.453125
2022-04-14,3638.2890625
2022-04-15,3560.125
2022-04-16,2561.9114583333335
2022-04-17,1563.6979166666667
2022-04-18,3724.947916666667
2022-04-19,5886.197916666667
2022-04-20,5112.536458333334
2022-04-21,4338.875
2022-04-22,3565.2135416666665
2022-04-23,2859.28125
2022-04-24,2153.3489583333335
2022-04-25,2805.127604166667
2022-04-26,3456.90625
2022-04-27,3327.958333333333
2022-04-28,3199.0104166666665
2022-04-29,4286.278645833333
2022-04-30,5373.546875
2022-05-01,5234.513020833334
2022-05-02,5095.479166666667
2022-05-03,10825.59375
2022-05-04,16555.708333333332
2022-05-05,22285.822916666668
2022-05-06,14134.822916666668
2022-05-07,5983.822916666667
2022-05-08,4643.041666666667
2022-05-09,3302.2604166666665
2022-05-10,4052.513020833333
2022-05-11,4802.765625
2022-05-12,31798.119791666668
2022-05-13,58793.473958333336
2022-05-14,43254.18402777778
2022-05-15,27714.894097222223
2022-05-16,12175.604166666666
2022-05-17,7868.619791666666
2022-05-18,3561.6354166666665
2022-05-19,5285.9140625
2022-05-20,7010.192708333333
2022-05-21,4413.138020833333
2022-05-22,1816.0833333333333
2022-05-23,2869.059895833333
2022-05-24,3922.0364583333335
2022-05-25,3940.0390625
2022-05-26,3958.0416666666665
2022-05-27,3495.925347222222
2022-05-28,3033.809027777778
2022-05-29,2571.6927083333335
2022-05-30,2706.4505208333335
2022-05-31,2841.2083333333335
2022-06-01,6057.395833333334
2022-06-02,9273.583333333334
2022-06-03,6486.1328125
2022-06-04,3698.6822916666665
2022-06-05,3097.9869791666665
2022-06-06,2497.2916666666665
2022-06-07,2693.7994791666665
2022-06-08,2890.3072916666665
2022-06-09,3719.524305555555
2022-06-10,4548.741319444444
2022-06-11,5377.958333333333
2022-06-12,4216.643229166666
2022-06-13,3055.328125
2022-06-14,4892.455729166666
2022-06-15,6729.583333333333
2022-06-16,6856.442708333333
2022-06-17,6983.302083333333
2022-06-18,4472.916666666666
2022-06-19,1962.53125
2022-06-20,3120.4401041666665
2022-06-21,4278.348958333333
2022-06-22,3600.347222222222
2022-06-23,2922.3454861111113
2022-06-24,2244.34375
2022-06-25,3878.7213541666665
2022-06-26,5513.098958333333
2022-06-27,7133.7734375
2022-06-28,8754.447916666666
2022-06-29,5604.072916666666
2022-06-30,2453.6979166666665
2022-07-01,3584.231770833333
2022-07-02,4714.765625
2022-07-03,4003.8671875
2022-07-04,3292.96875
2022-07-05,5602.736111111111
2022-07-06,7912.503472222223
2022-07-07,10222.270833333334
2022-07-08,6628.3203125
2022-07-09,3034.3697916666665
2022-07-10,2458.4010416666665
2022-07-11,1882.4322916666667
2022-07-12,2870.5989583333335
2022-07-13,3858.765625
2022-07-14,4743.0703125
2022-07-15,5627.375
2022-07-16,4137.486979166667
2022-07-17,2647.5989583333335
2022-07-18,3338.3368055555557
2022-07-19,4029.074652777778
2022-07-20,4719.8125
2022-07-21,4216.791666666667
2022-07-22,3713.7708333333335
2022-07-23,2759.8723958333335
2022-07-24,1805.9739583333333
2022-07-25,2428.9192708333335
2022-07-26,3051.8645833333335
2022-07-27,4276.268229166667
2022-07-28,5500.671875
2022-07-29,4777.15625
2022-07-30,4053.640625
2022-07-31,3850.862847222222
2022-08-01,3648.0850694444443
2022-08-02,3445.3072916666665
2022-08-03,4620.372395833333
2022-08-04,5795.4375
2022-08-05,6482.161458333334
2022-08-06,7168.885416666667
2022-08-07,4927.859375
2022-08-08,2686.8333333333335
2022-08-09,5081.135416666666
2022-08-10,7475.4375
2022-08-11,6342.348958333334
2022-08-12,5209.260416666667
2022-08-13,4215.157986111111
2022-08-14,3221.0555555555557
2022-08-15,2226.953125
2022-08-16,2696.6484375
2022-08-17,3166.34375
2022-08-18,3098.5625
2022-08-19,3030.78125
2022-08-20,2446.3619791666665
2022-08-21,1861.9427083333333
2022-08-22,2516.1067708333335
2022-08-23,3170.2708333333335
2022-08-24,3450.0859375
2022-08-25,3729.9010416666665
2022-08-26,3193.050347222222
2022-08-27,2656.199652777778
2022-08-28,2119.3489583333335
2022-08-29,2678.4505208333335
2022-08-30,3237.5520833333335
2022-08-31,3744.424479166667
2022-09-01,4251.296875
2022-09-02,7175.877604166667
2022-09-03,10100.458333333334
2022-09-04,6501.059895833334
2022-09-05,2901.6614583333335
2022-09-06,3254.7109375
2022-09-07,3607.7604166666665
2022-09-08,3818.8645833333335
2022-09-09,4029.96875
2022-09-10,4241.072916666667
2022-09-11,3119.0078125
2022-09-12,1996.9427083333333
2022-09-13,4443.127604166667
2022-09-14,6889.3125
2022-09-15,5280.755208333333
2022-09-16,3672.1979166666665
2022-09-17,2893.25
2022-09-18,2114.3020833333335
2022-09-19,3284.671875
2022-09-20,4455.041666666667
2022-09-21,4779.611111111111
2022-09-22,5104.180555555556
2022-09-23,5428.75
2022-09-24,3680.8385416666665
2022-09-25,1932.9270833333333
2022-09-26,3089.645833333333
2022-09-27,4246.364583333333
2022-09-28,3386.203125
2022-09-29,2526.0416666666665
2022-09-30,2362.2291666666665
2022-10-01,2198.4166666666665
2022-10-02,2767.809895833333
2022-10-03,3337.203125
2022-10-04,3064.0763888888887
2022-10-05,2790.949652777778
2022-10-06,2517.8229166666665
2022-10-07,2417.778645833333
2022-10-08,2317.734375
2022-10-09,2052.828125
2022-10-10,1787.921875
2022-10-11,2324.828125
2022-10-12,2861.734375
2022-10-13,3460.885416666667
2022-10-14,4060.0364583333335
2022-10-15,3269.299479166667
2022-10-16,2478.5625
2022-10-17,3959.473958333333
2022-10-18,5440.385416666666
2022-10-19,6921.296875
2022-10-20,5112.721354166667
2022-10-21,3304.1458333333335
2022-10-22,2862.75
2022-10-23,2421.3541666666665
2022-10-24,3663.270833333333
2022-10-25,4905.1875
2022-10-26,5091.971354166666
2022-10-27,5278.755208333333
2022-10-28,4305.125
2022-10-29,3331.4947916666665
2022-10-30,3077.439236111111
2022-10-31,2823.3836805555557
2022-11-01,2569.328125
2022-11-02,6018.848958333333
2022-11-03,9468.369791666666
2022-11-04,9024.940104166666
2022-11-05,8581.510416666666
2022-11-06,5942.486979166666
2022-11-07,3303.4635416666665
2022-11-08,3450.9479166666665
2022-11-09,3598.4322916666665
2022-11-10,4003.221354166667
2022-11-11,4408.010416666667
2022-11-12,4342.055555555556
2022-11-13,4276.100694444444
2022-11-14,4210.145833333333
2022-11-15,8358.106770833332
2022-11-16,12506.067708333334
2022-11-17,23818.072916666664
2022-11-18,35130.078125
2022-11-19,20263.71875
2022-11-20,5397.359375
2022-11-21,4937.736979166666
2022-11-22,4478.114583333333
2022-11-23,7231.302083333334
2022-11-24,9984.489583333334
2022-11-25,9103.392361111111
2022-11-26,8222.295138888889
2022-11-27,7341.197916666667
2022-11-28,5869.614583333334
2022-11-29,4398.03125
2022-11-30,6157.447916666666
2022-12-01,7916.864583333333
2022-12-02,7695.341145833333
2022-12-03,7473.817708333333
2022-12-04,5247.377604166666
2022-12-05,3020.9375
2022-12-06,3058.9921875
2022-12-07,3097.046875
2022-12-08,3423.2326388888887
2022-12-09,3749.418402777778
2022-12-10,4075.6041666666665
2022-12-11,3034.411458333333
2022-12-12,1993.21875
2022-12-13,2062.244791666667
2022-12-14,2131.2708333333335
2022-12-15,2461.815104166667
2022-12-16,2792.359375
2022-12-17,2443.255208333333
2022-12-18,2094.1510416666665
2022-12-19,2695.1432291666665
2022-12-20,3296.1354166666665
2022-12-21,3532.0694444444443
2022-12-22,3768.003472222222
2022-12-23,4003.9375
2022-12-24,7417.4140625
2022-12-25,10830.890625
2022-12-26,7849.296875
2022-12-27,4867.703125
2022-12-28,4088.5703125
2022-12-29,3309.4375
2022-12-30,2759.403645833333
2022-12-31,2209.3697916666665
2023-01-01,2056.1640625
2023-01-02,1902.9583333333333
2023-01-03,2862.331597222222
2023-01-04,3821.7048611111113
2023-01-05,4781.078125
2023-01-06,3320.3333333333335
2023-01-07,1859.5885416666667
2023-01-08,1961.2760416666665
2023-01-09,2062.9635416666665
2023-01-10,2878.7578125
2023-01-11,3694.5520833333335
2023-01-12,5028.645833333333
2023-01-13,6362.739583333333
2023-01-14,4049.3046875
2023-01-15,1735.8697916666667
2023-01-16,2924.6770833333335
2023-01-17,4113.484375
2023-01-18,5302.291666666667
2023-01-19,5919.078125
2023-01-20,6535.864583333333
2023-01-21,5001.2578125
2023-01-22,3466.6510416666665
2023-01-23,3958.466145833333
2023-01-24,4450.28125
2023-01-25,3867.145833333333
2023-01-26,3284.0104166666665
2023-01-27,3016.5234375
2023-01-28,2749.0364583333335
2023-01-29,3889.1701388888887
2023-01-30,5029.303819444444
2023-01-31,6169.4375
2023-02-01,6552.5625
2023-02-02,6935.6875
2023-02-03,9199.794270833332
2023-02-04,11463.901041666666
2023-02-05,8811.486979166666
2023-02-06,6159.072916666667
2023-02-07,11175.3203125
2023-02-08,16191.567708333334
2023-02-09,21506.140625
2023-02-10,26820.713541666668
2023-02-11,23380.15451388889
2023-02-12,19939.59548611111
2023-02-13,16499.036458333332
2023-02-14,19131.3515625
2023-02-15,21763.666666666668
2023-02-16,15678.46875
2023-02-17,9593.270833333334
2023-02-18,7164.552083333334
2023-02-19,4735.833333333333
2023-02-20,4300.106770833333
2023-02-21,3864.3802083333335
2023-02-22,3714.6015625
2023-02-23,3564.8229166666665
2023-02-24,4824.227430555556
2023-02-25,6083.631944444444
2023-02-26,7343.036458333333
2023-02-27,11225.8359375
2023-02-28,15108.635416666666
2023-03-01,14658.346354166666
2023-03-02,14208.057291666666
2023-03-03,17882.453125
2023-03-04,21556.848958333332
2023-03-05,16359.5625
2023-03-06,11162.276041666666
2023-03-07,12900.0390625
2023-03-08,14637.802083333334
2023-03-09,23389.315972222223
2023-03-10,32140.82986111111
2023-03-11,40892.34375
2023-03-12,26157.424479166668
2023-03-13,11422.505208333334
2023-03-14,14682.697916666668
2023-03-15,17942.890625
2023-03-16,20372.973958333336
2023-03-17,22803.057291666668
2023-03-18,19759.447916666668
2023-03-19,16715.838541666668
2023-03-20,18144.171875
2023-03-21,19572.505208333332
2023-03-22,22673.828125
2023-03-23,25775.151041666664
2023-03-24,28876.473958333332
2023-03-25,30092.263020833332
2023-03-26,31308.052083333332
2023-03-27,30172.674479166664
2023-03-28,29037.296875
2023-03-29,21504.140625
2023-03-30,13970.984375
2023-03-31,17511.502604166664
2023-04-01,21052.020833333332
2023-04-02,19178.7109375
2023-04-03,17305.401041666668
2023-04-04,21604.439236111113
2023-04-05,25903.477430555555
2023-04-06,30202.515625
2023-04-07,31885.872395833332
2023-04-08,33569.229166666664
2023-04-09,23970.796875
2023-04-10,14372.364583333334
2023-04-11,14551.794270833334
2023-04-12,14731.223958333334
2023-04-13,12863.088541666668
2023-04-14,10994.953125
2023-04-15,8367.71875
2023-04-16,5740.484375
2023-04-17,6139.005208333333
2023-04-18,6537.526041666667
2023-04-19,6936.046875
2023-04-20,9675.9921875
2023-04-21,12415.9375
2023-04-22,8579.744791666666
2023-04-23,4743.552083333333
2023-04-24,20194.778645833336
2023-04-25,35646.005208333336
2023-04-26,49762.161458333336
2023-04-27,63878.317708333336
2023-04-28,59865.294270833336
2023-04-29,55852.270833333336
2023-04-30,51890.022569444445
2023-05-01,47927.774305555555
2023-05-02,43965.526041666664
2023-05-03,42839.328125
2023-05-04,41713.130208333336
2023-05-05,49100.3828125
2023-05-06,56487.635416666664
2023-05-07,56213.671875
2023-05-08,55939.708333333336
2023-05-09,59694.61197916667
2023-05-10,63449.515625
2023-05-11,74185.36197916666
2023-05-12,84921.20833333333
2023-05-13,79113.453125
2023-05-14,73305.69791666666
2023-05-15,67497.94270833333
2023-05-16,74402.43489583333
2023-05-17,81306.92708333333
2023-05-18,91904.72916666666
2023-05-19,102502.53125
2023-05-20,99709.95833333334
2023-05-21,96917.38541666667
2023-05-22,111496.1328125
2023-05-23,126074.88020833333
2023-05-24,134906.85677083334
2023-05-25,143738.83333333334
2023-05-26,135186.46527777778
2023-05-27,126634.09722222223
2023-05-28,118081.72916666667
2023-05-29,123600.19010416667
2023-05-30,129118.65104166667
2023-05-31,113247.66666666667
2023-06-01,97376.68229166667
2023-06-02,109435.96614583334
2023-06-03,121495.25
2023-06-04,115234.13541666666
2023-06-05,108973.02083333333
2023-06-06,134086.65885416666
2023-06-07,159200.296875
2023-06-08,148166.64236111112
2023-06-09,137132.98784722222
2023-06-10,126099.33333333333
2023-06-11,114297.76302083333
2023-06-12,102496.19270833333
2023-06-13,125650.2421875
2023-06-14,148804.29166666666
2023-06-15,172831.94791666666
2023-06-16,196859.60416666666
2023-06-17,210964.4921875
2023-06-18,225069.38020833334
2023-06-19,204715.40625
2023-06-20,184361.43229166666
2023-06-21,193430.12152777778
2023-06-22,202498.81076388888
2023-06-23,211567.5
2023-06-24,204723.3046875
2023-06-25,197879.109375
2023-06-26,203673.046875
2023-06-27,209466.984375
2023-06-28,205191.8125
2023-06-29,200916.640625
2023-06-30,183798.640625
2023-07-01,166680.640625
2023-07-02,125004.68229166666
2023-07-03,83328.72395833333
2023-07-04,74958.67534722222
2023-07-05,66588.62673611111
2023-07-06,58218.578125
2023-07-07,62032.2890625
2023-07-08,65846.0
2023-07-09,71767.7265625
2023-07-10,77689.453125
2023-07-11,115715.375
2023-07-12,153741.296875
2023-07-13,159010.8984375
2023-07-14,164280.5
2023-07-15,159650.1875
2023-07-16,155019.875
2023-07-17,154270.84375
2023-07-18,153521.8125
2023-07-19,152772.78125
2023-07-20,172710.7135416667
2023-07-21,192648.64583333334
2023-07-22,191181.7838541667
2023-07-23,189714.921875
2023-07-24,166257.7135416667
2023-07-25,142800.50520833334
2023-07-26,154774.3671875
2023-07-27,166748.22916666666
2023-07-28,173850.33072916666
2023-07-29,180952.43229166666
2023-07-30,185258.63368055556
2023-07-31,189564.83506944444
2023-08-01,193871.03645833334
2023-08-02,198554.68489583334
2023-08-03,203238.33333333334
2023-08-04,194792.03125
2023-08-05,186345.72916666666
2023-08-06,202917.72916666666
2023-08-07,219489.72916666666
2023-08-08,236422.453125
2023-08-09,253355.17708333334
2023-08-10,275027.8411458333
2023-08-11,296700.5052083333
2023-08-12,291476.7378472222
2023-08-13,286252.9704861111
2023-08-14,281029.203125
2023-08-15,279119.6953125
2023-08-16,277210.1875
2023-08-17,263300.3411458333
2023-08-18,249390.49479166666
2023-08-19,187637.97916666666
2023-08-20,125885.46354166667
2023-08-21,170628.05208333334
2023-08-22,215370.640625
2023-08-23,233018.1614583333
2023-08-24,250665.68229166666
2023-08-25,237717.85763888888
2023-08-26,224770.03298611112
2023-08-27,211822.20833333334
2023-08-28,240410.7864583333
2023-08-29,268999.3645833333
2023-08-30,185827.21875
2023-08-31,102655.07291666667
2023-09-01,159755.23177083334
2023-09-02,216855.390625
2023-09-03,211725.7578125
2023-09-04,206596.125
2023-09-05,229502.31597222222
2023-09-06,252408.50694444447
2023-09-07,275314.6979166667
2023-09-08,256728.77864583334
2023-09-09,238142.859375
2023-09-10,250783.40885416666
2023-09-11,263423.9583333333
2023-09-12,257703.9583333333
2023-09-13,251983.95833333334
2023-09-14,250686.4010416667
2023-09-15,249388.84375
2023-09-16,255946.453125
2023-09-17,262504.0625
2023-09-18,229711.42708333334
2023-09-19,196918.7916666667
2023-09-20,164126.15625
2023-09-21,167866.390625
2023-09-22,171606.625
2023-09-23,174429.7734375
2023-09-24,177252.921875
2023-09-25,175192.2552083333
2023-09-26,173131.58854166666
2023-09-27,179117.15885416666
2023-09-28,185102.72916666666
2023-09-29,156475.29166666666
2023-09-30,127847.85416666667
2023-10-01,98559.61631944445
2023-10-02,69271.37847222222
2023-10-03,39983.140625
2023-10-04,36046.388020833336
2023-10-05,32109.635416666668
2023-10-06,32284.091145833336
2023-10-07,32458.546875
2023-10-08,30159.546875
2023-10-09,27860.546875
2023-10-10,25848.486979166664
2023-10-11,23836.427083333332
2023-10-12,23793.0703125
2023-10-13,23749.713541666668
2023-10-14,21445.734375
2023-10-15,19141.755208333336
2023-10-16,16837.776041666668
2023-10-17,16304.09375
2023-10-18,15770.411458333334
2023-10-19,16870.872395833332
2023-10-20,17971.333333333332
2023-10-21,16612.916666666664
2023-10-22,15254.5
2023-10-23,23701.8671875
2023-10-24,32149.234375
2023-10-25,32077.002604166664
2023-10-26,32004.770833333332
2023-10-27,33530.963541666664
2023-10-28,35057.15625
2023-10-29,36583.348958333336
2023-10-30,33139.997395833336
2023-10-31,29696.645833333332
2023-11-01,32074.822916666664
2023-11-02,34453.0
2023-11-03,94186.73958333333
2023-11-04,153920.47916666666
2023-11-05,141140.6328125
2023-11-06,128360.78645833333
2023-11-07,139212.01822916666
2023-11-08,150063.25
2023-11-09,146771.40277777778
2023-11-10,143479.55555555556
2023-11-11,140187.70833333334
2023-11-12,169717.97395833334
2023-11-13,199248.23958333334
2023-11-14,197305.09895833334
2023-11-15,195361.95833333334
2023-11-16,147208.640625
2023-11-17,99055.32291666667
2023-11-18,135706.94010416666
2023-11-19,172358.55729166666
2023-11-20,177547.7005208333
2023-11-21,182736.84375
2023-11-22,191966.26215277778
2023-11-23,201195.68055555556
2023-11-24,210425.09895833334
2023-11-25,192887.3671875
2023-11-26,175349.63541666666
2023-11-27,185710.015625
2023-11-28,196070.39583333334
2023-11-29,177206.078125
2023-11-30,158341.76041666666
2023-12-01,139745.1067708333
2023-12-02,121148.453125
2023-12-03,144598.3776041667
2023-12-04,168048.30208333334
2023-12-05,178071.24652777778
2023-12-06,188094.19097222222
2023-12-07,198117.13541666666
2023-12-08,174134.625
2023-12-09,150152.11458333334
2023-12-10,148307.07552083334
2023-12-11,146462.03645833334
2023-12-12,159845.1588541667
2023-12-13,173228.28125
2023-12-14,186462.2135416667
2023-12-15,199696.14583333334
2023-12-16,180218.5078125
2023-12-17,160740.86979166666
2023-12-18,155933.53993055556
2023-12-19,151126.21006944444
2023-12-20,146318.88020833334
2023-12-21,172072.44270833334
2023-12-22,197826.00520833334
2023-12-23,173780.45052083334
2023-12-24,149734.89583333334
2023-12-25,152937.3619791667
2023-12-26,156139.828125
2023-12-27,109114.22916666667
2023-12-28,62088.630208333336
2023-12-29,105729.2578125
2023-12-30,149369.88541666666
2023-12-31,134140.86284722222
2024-01-01,118911.84027777777
2024-01-02,103682.81770833333
2024-01-03,87516.81510416666
2024-01-04,71350.8125
2024-01-05,72540.109375
2024-01-06,73729.40625
2024-01-07,77067.70052083334
2024-01-08,80405.99479166667
2024-01-09,82040.59895833334
2024-01-10,83675.203125
2024-01-11,90449.11458333334
2024-01-12,97223.02604166667
2024-01-13,127710.48784722223
2024-01-14,158197.94965277778
2024-01-15,188685.41145833334
2024-01-16,164446.94270833334
2024-01-17,140208.47395833334
2024-01-18,145374.18489583334
2024-01-19,150539.89583333334
2024-01-20,154241.86458333334
2024-01-21,157943.83333333334
2024-01-22,149468.21614583334
2024-01-23,140992.59895833334
2024-01-24,96443.5
2024-01-25,51894.401041666664
2024-01-26,60072.15451388888
2024-01-27,68249.90798611111
2024-01-28,76427.66145833333
2024-01-29,94640.31770833333
2024-01-30,112852.97395833333
2024-01-31,99877.66145833333
2024-02-01,86902.34895833333
2024-02-02,88674.0625
2024-02-03,90445.77604166667
2024-02-04,92792.46614583334
2024-02-05,95139.15625
2024-02-06,112501.03125
2024-02-07,129862.90625
2024-02-08,133697.22916666666
2024-02-09,137531.55208333334
2024-02-10,141365.875
2024-02-11,122613.28385416666
2024-02-12,103860.69270833333
2024-02-13,117731.6484375
2024-02-14,131602.60416666666
2024-02-15,132404.8880208333
2024-02-16,133207.171875
2024-02-17,134086.90625
2024-02-18,134966.640625
2024-02-19,135440.1276041667
2024-02-20,135913.61458333334
2024-02-21,136920.140625
2024-02-22,137926.6666666667
2024-02-23,138933.19270833334
2024-02-24,130826.91145833334
2024-02-25,122720.63020833333
2024-02-26,110199.16927083333
2024-02-27,97677.70833333333
2024-02-28,114185.94791666666
2024-02-29,130694.1875
2024-03-01,125916.34895833334
2024-03-02,121138.51041666667
2024-03-03,130655.09635416666
2024-03-04,140171.68229166666
2024-03-05,133737.44791666666
2024-03-06,127303.21354166667
2024-03-07,120868.97916666667
2024-03-08,124765.51302083334
2024-03-09,128662.046875
2024-03-10,122352.609375
2024-03-11,116043.171875
2024-03-12,100578.17708333334
2024-03-13,85113.18229166667
2024-03-14,83368.29166666667
2024-03-15,81623.40104166667
2024-03-16,80490.3125
2024-03-17,79357.22395833333
2024-03-18,78587.01909722222
2024-03-19,77816.81423611111
2024-03-20,77046.609375
2024-03-21,76950.84375
2024-03-22,76855.078125
2024-03-23,68049.9453125
2024-03-24,59244.8125
2024-03-25,61605.92447916667
2024-03-26,63967.036458333336
2024-03-27,61412.263020833336
2024-03-28,58857.489583333336
2024-03-29,60754.15625
2024-03-30,62650.822916666664
2024-03-31,62620.916666666664
2024-04-01,62591.010416666664
2024-04-02,62561.104166666664
2024-04-03,67106.10677083333
2024-04-04,71651.109375
2024-04-05,69502.44270833334
2024-04-06,67353.77604166667
2024-04-07,67919.90625
2024-04-08,68486.03645833333
2024-04-09,84410.52083333333
2024-04-10,100335.00520833333
2024-04-11,124992.421875
2024-04-12,149649.83854166666
2024-04-13,138627.7552083333
2024-04-14,127605.671875
2024-04-15,116583.58854166667
2024-04-16,117384.09895833334
2024-04-17,118184.609375
2024-04-18,122889.15625
2024-04-19,127593.703125
2024-04-20,137591.4270833333
2024-04-21,147589.15104166666
2024-04-22,136410.5486111111
2024-04-23,125231.94618055555
2024-04-24,114053.34375
2024-04-25,91862.3125
2024-04-26,69671.28125
2024-04-27,75094.87239583334
2024-04-28,80518.46354166667
2024-04-29,78691.56770833334
2024-04-30,76864.671875
2024-05-01,87553.99479166666
2024-05-02,98243.31770833333
2024-05-03,104466.66927083333
2024-05-04,110690.02083333333
2024-05-05,113639.53819444444
2024-05-06,116589.05555555556
2024-05-07,119538.57291666667
2024-05-08,118240.2890625
2024-05-09,116942.00520833333
2024-05-10,135038.15104166666
2024-05-11,153134.296875
2024-05-12,132607.984375
2024-05-13,112081.671875
2024-05-14,129397.86979166667
2024-05-15,146714.06770833334
2024-05-16,151365.3125
2024-05-17,156016.55729166666
2024-05-18,152977.07465277778
2024-05-19,149937.59201388888
2024-05-20,146898.109375
2024-05-21,163429.46875
2024-05-22,179960.828125
2024-05-23,163540.9739583333
2024-05-24,147121.11979166666
2024-05-25,158442.8125
2024-05-26,169764.50520833334
2024-05-27,166778.2213541667
2024-05-28,163791.9375
2024-05-29,173153.77604166666
2024-05-30,182515.61458333334
2024-05-31,191877.453125
2024-06-01,122692.8203125
2024-06-02,53508.1875
2024-06-03,83405.77083333334
2024-06-04,113303.35416666667
2024-06-05,159899.10677083334
2024-06-06,206494.859375
2024-06-07,206589.9869791667
2024-06-08,206685.11458333334
2024-06-09,208528.60243055556
2024-06-10,210372.09027777778
2024-06-11,212215.578125
2024-06-12,208261.4791666667
2024-06-13,204307.38020833334
2024-06-14,151681.65625
2024-06-15,99055.93229166667
2024-06-16,103566.65364583334
2024-06-17,108077.375
2024-06-18,131677.7083333333
2024-06-19,155278.04166666666
2024-06-20,160508.58072916666
2024-06-21,165739.11979166666
2024-06-22,169186.52604166666
2024-06-23,172633.93229166666
2024-06-24,176081.33854166666
2024-06-25,181776.515625
2024-06-26,187471.69270833334
2024-06-27,192951.5963541667
2024-06-28,198431.5
2024-06-29,180716.1822916667
2024-06-30,163000.86458333334
2024-07-01,151618.99739583334
2024-07-02,140237.13020833334
2024-07-03,139379.453125
2024-07-04,138521.7760416667
2024-07-05,137664.09895833334
2024-07-06,143350.2526041667
2024-07-07,149036.40625
2024-07-08,117339.35416666666
2024-07-09,85642.30208333333
2024-07-10,90853.7265625
2024-07-11,96065.15104166667
2024-07-12,122292.4375
2024-07-13,148519.72395833334
2024-07-14,110420.50520833334
2024-07-15,72321.28645833333
2024-07-16,85119.78472222222
2024-07-17,97918.28298611111
2024-07-18,110716.78125
2024-07-19,113727.64322916666
2024-07-20,116738.50520833333
2024-07-21,133396.37239583334
2024-07-22,150054.23958333334
2024-07-23,159692.6354166667
2024-07-24,169331.03125
2024-07-25,151670.7864583333
2024-07-26,134010.54166666666
2024-07-27,150650.1640625
2024-07-28,167289.78645833334
2024-07-29,152998.76736111112
2024-07-30,138707.7482638889
2024-07-31,124416.72916666667
2024-08-01,116414.61458333334
2024-08-02,108412.5
2024-08-03,135957.7369791667
2024-08-04,163502.97395833334
2024-08-05,180679.5416666667
2024-08-06,197856.109375
2024-08-07,152276.23697916666
2024-08-08,106696.36458333333
2024-08-09,77228.65104166666
2024-08-10,47760.9375
2024-08-11,52361.86111111111
2024-08-12,56962.784722222226
2024-08-13,61563.708333333336
2024-08-14,91553.36979166667
2024-08-15,121543.03125
2024-08-16,123848.83072916666
2024-08-17,126154.63020833333
2024-08-18,151427.97916666666
2024-08-19,176701.328125
2024-08-20,183406.2682291667
2024-08-21,190111.20833333334
2024-08-22,185870.86458333334
2024-08-23,181630.52083333334
2024-08-24,183158.98090277778
2024-08-25,184687.44097222222
2024-08-26,186215.90104166666
2024-08-27,183682.12760416666
2024-08-28,181148.35416666666
2024-08-29,156092.65625
2024-08-30,131036.95833333333
2024-08-31,122744.52864583333
2024-09-01,114452.09895833333
2024-09-02,131920.28385416666
2024-09-03,149388.46875
2024-09-04,150493.234375
2024-09-05,151598.0
2024-09-06,154384.13368055556
2024-09-07,157170.2673611111
2024-09-08,159956.40104166666
2024-09-09,169392.4140625
2024-09-10,178828.42708333334
2024-09-11,187261.8307291667
2024-09-12,195695.234375
2024-09-13,198115.9921875
2024-09-14,200536.75
2024-09-15,186161.8671875
2024-09-16,171786.984375
2024-09-17,165910.890625
2024-09-18,160034.796875
2024-09-19,158464.921875
2024-09-20,156895.046875
2024-09-21,155325.171875
2024-09-22,138749.8046875
2024-09-23,122174.4375
2024-09-24,113758.94270833334
2024-09-25,105343.44791666667
2024-09-26,118314.85416666666
2024-09-27,131286.26041666666
2024-09-28,125890.2265625
2024-09-29,120494.19270833333
2024-09-30,136827.39583333334
2024-10-01,153160.59895833334
2024-10-02,147735.02777777778
2024-10-03,142309.45659722222
2024-10-04,136883.88541666666
2024-10-05,153693.31510416666
2024-10-06,170502.74479166666
2024-10-07,171551.35416666666
2024-10-08,172599.96354166666
2024-10-09,183847.2578125
2024-10-10,195094.55208333334
2024-10-11,209804.9479166667
2024-10-12,224515.34375
2024-10-13,213875.2447916667
2024-10-14,203235.14583333334
2024-10-15,194343.02777777778
2024-10-16,185450.90972222222
2024-10-17,176558.79166666666
2024-10-18,173641.1380208333
2024-10-19,170723.484375
2024-10-20,145075.6328125
2024-10-21,119427.78125
2024-10-22,137951.9270833333
2024-10-23,156476.07291666666
2024-10-24,143984.46875
2024-10-25,131492.86458333334
2024-10-26,110275.35677083334
2024-10-27,89057.84895833333
2024-10-28,101269.05902777778
2024-10-29,113480.26909722222
2024-10-30,125691.47916666667
2024-10-31,123353.78645833334
2024-11-01,121016.09375
2024-11-02,119001.86197916666
2024-11-03,116987.63020833333
2024-11-04,113691.73958333333
2024-11-05,110395.84895833333
2024-11-06,110318.953125
2024-11-07,110242.05729166667
2024-11-08,121863.32552083334
2024-11-09,133484.59375
2024-11-10,137495.74131944444
2024-11-11,141506.8888888889
2024-11-12,145518.03645833334
2024-11-13,165886.1666666667
2024-11-14,186254.296875
2024-11-15,184702.0078125
2024-11-16,183149.71875
2024-11-17,177562.2369791667
2024-11-18,171974.75520833334
2024-11-19,180622.6015625
2024-11-20,189270.44791666666
2024-11-21,174120.4739583333
2024-11-22,158970.5
2024-11-23,151411.82986111112
2024-11-24,143853.15972222222
2024-11-25,136294.48958333334
2024-11-26,134211.375
2024-11-27,132128.26041666666
2024-11-28,124461.27083333333
2024-11-29,116794.28125
2024-11-30,107810.22135416666
2024-12-01,98826.16145833333
2024-12-02,115967.84895833334
2024-12-03,133109.53645833334
2024-12-04,134383.8307291667
2024-12-05,135658.125
2024-12-06,138773.28298611112
2024-12-07,141888.44097222222
2024-12-08,145003.59895833334
2024-12-09,141625.0182291667
2024-12-10,138246.4375
2024-12-11,138635.125
2024-12-12,139023.8125
2024-12-13,138304.8359375
2024-12-14,137585.859375
2024-12-15,132464.55989583334
2024-12-16,127343.26041666667
2024-12-17,129225.14583333334
2024-12-18,131107.03125
2024-12-19,135160.6875
2024-12-20,139214.34375
2024-12-21,143268.0
2024-12-22,135444.52083333334
2024-12-23,127621.04166666667
2024-12-24,122176.09375
2024-12-25,116731.14583333333
2024-12-26,106263.3046875
2024-12-27,95795.46354166667
2024-12-28,126149.89322916666
2024-12-29,156504.32291666666
2024-12-30,155554.65625
2024-12-31,154604.98958333334
2025-01-01,154680.875
2025-01-02,154756.7604166667
2025-01-03,154832.64583333334
2025-01-04,155477.7734375
2025-01-05,156122.90104166666
2025-01-06,158056.08072916666
2025-01-07,159989.26041666666
2025-01-08,161636.16666666666
2025-01-09,163283.07291666666
2025-01-10,169324.4114583333
2025-01-11,175365.75
2025-01-12,160156.8333333333
2025-01-13,144947.91666666666
2025-01-14,137452.75694444444
2025-01-15,129957.59722222222
2025-01-16,122462.4375
2025-01-17,120880.4296875
2025-01-18,119298.421875
2025-01-19,114152.20572916666
2025-01-20,109005.98958333333
2025-01-21,111597.65625
2025-01-22,114189.32291666667
2025-01-23,109549.7734375
2025-01-24,104910.22395833333
2025-01-25,93447.79947916666
2025-01-26,81985.375
2025-01-27,78002.98784722222
2025-01-28,74020.60069444445
2025-01-29,70038.21354166667
2025-01-30,56093.0546875
2025-01-31,42147.895833333336
2025-02-01,24359.5078125
2025-02-02,6571.119791666667
2025-02-03,5764.0
2025-02-04,4956.880208333333
2025-02-05,9782.708333333332
2025-02-06,14608.536458333334
2025-02-07,10439.765625
2025-02-08,6270.994791666667
2025-02-09,6657.852430555556
2025-02-10,7044.710069444444
2025-02-11,7431.567708333333
2025-02-12,8604.432291666666
2025-02-13,9777.296875
2025-02-14,7344.427083333334
2025-02-15,4911.557291666667
2025-02-16,5256.9921875
2025-02-17,5602.427083333333
2025-02-18,13840.796875
2025-02-19,22079.166666666668
2025-02-20,43310.12239583333
2025-02-21,64541.078125
2025-02-22,79146.24826388889
2025-02-23,93751.41840277778
2025-02-24,108356.58854166667
2025-02-25,105094.13020833334
2025-02-26,101831.671875
2025-02-27,72989.31510416667
2025-02-28,44146.958333333336
2025-03-01,27574.143229166668
2025-03-02,11001.328125
2025-03-03,11144.223958333332
2025-03-04,11287.119791666666
2025-03-05,10433.630208333332
2025-03-06,9580.140625
2025-03-07,10090.559027777777
2025-03-08,10600.977430555557
2025-03-09,11111.395833333334
2025-03-10,10042.057291666668
2025-03-11,8972.71875
2025-03-12,11230.020833333332
2025-03-13,13487.322916666666
2025-03-14,16269.3203125
2025-03-15,19051.317708333332
2025-03-16,18625.984375
2025-03-17,18200.651041666668
2025-03-18,16740.864583333336
2025-03-19,15281.078125
2025-03-20,12802.940972222223
2025-03-21,10324.803819444445
2025-03-22,7846.666666666667
2025-03-23,15752.127604166668
2025-03-24,23657.588541666668
2025-03-25,26182.002604166668
2025-03-26,28706.416666666668
2025-03-27,20501.890625
2025-03-28,12297.364583333334
2025-03-29,7777.28125
2025-03-30,3257.1979166666665
2025-03-31,3805.5859375
2025-04-01,4353.973958333333
2025-04-02,5136.756944444444
2025-04-03,5919.539930555556
2025-04-04,6702.322916666667
2025-04-05,5133.018229166667
2025-04-06,3563.7135416666665
2025-04-07,3998.395833333333
2025-04-08,4433.078125
2025-04-09,4143.442708333333
2025-04-10,3853.8072916666665
2025-04-11,4825.4140625
2025-04-12,5797.020833333333
2025-04-13,7231.229166666666
2025-04-14,8665.4375
2025-04-15,9853.940972222223
2025-04-16,11042.444444444443
2025-04-17,12230.947916666666
2025-04-18,15198.111979166668
2025-04-19,18165.276041666668
2025-04-20,20881.533854166668
2025-04-21,23597.791666666668
2025-04-22,22532.1875
2025-04-23,21466.583333333332
2025-04-24,18440.908854166664
2025-04-25,15415.234375
2025-04-26,11834.411458333332
2025-04-27,8253.588541666666
2025-04-28,9970.958333333332
2025-04-29,11688.328125
2025-04-30,13405.697916666666
2025-05-01,11262.895833333332
2025-05-02,9120.09375
2025-05-03,6953.973958333334
2025-05-04,4787.854166666667
2025-05-05,5041.010416666667
2025-05-06,5294.166666666667
2025-05-07,4905.541666666667
2025-05-08,4516.916666666667
2025-05-09,4407.296875
2025-05-10,4297.677083333333
